-- MySQL dump 10.13  Distrib 9.5.0, for macos15.7 (arm64)
--
-- Host: localhost    Database: ragel
-- ------------------------------------------------------
-- Server version	9.5.0

/*!40101 SET @OLD_CHARACTER_SET_CLIENT=@@CHARACTER_SET_CLIENT */;
/*!40101 SET @OLD_CHARACTER_SET_RESULTS=@@CHARACTER_SET_RESULTS */;
/*!40101 SET @OLD_COLLATION_CONNECTION=@@COLLATION_CONNECTION */;
/*!50503 SET NAMES utf8mb4 */;
/*!40103 SET @OLD_TIME_ZONE=@@TIME_ZONE */;
/*!40103 SET TIME_ZONE='+00:00' */;
/*!40014 SET @OLD_UNIQUE_CHECKS=@@UNIQUE_CHECKS, UNIQUE_CHECKS=0 */;
/*!40014 SET @OLD_FOREIGN_KEY_CHECKS=@@FOREIGN_KEY_CHECKS, FOREIGN_KEY_CHECKS=0 */;
/*!40101 SET @OLD_SQL_MODE=@@SQL_MODE, SQL_MODE='NO_AUTO_VALUE_ON_ZERO' */;
/*!40111 SET @OLD_SQL_NOTES=@@SQL_NOTES, SQL_NOTES=0 */;
SET @MYSQLDUMP_TEMP_LOG_BIN = @@SESSION.SQL_LOG_BIN;
SET @@SESSION.SQL_LOG_BIN= 0;

--
-- GTID state at the beginning of the backup 
--

SET @@GLOBAL.GTID_PURGED=/*!80000 '+'*/ '40b48718-c45f-11f0-b8cd-b10b238e613a:1-1272';

--
-- Table structure for table `cache`
--

DROP TABLE IF EXISTS `cache`;
/*!40101 SET @saved_cs_client     = @@character_set_client */;
/*!50503 SET character_set_client = utf8mb4 */;
CREATE TABLE `cache` (
  `key` varchar(255) COLLATE utf8mb4_unicode_ci NOT NULL,
  `value` mediumtext COLLATE utf8mb4_unicode_ci NOT NULL,
  `expiration` int NOT NULL,
  PRIMARY KEY (`key`)
) ENGINE=InnoDB DEFAULT CHARSET=utf8mb4 COLLATE=utf8mb4_unicode_ci;
/*!40101 SET character_set_client = @saved_cs_client */;

--
-- Dumping data for table `cache`
--

LOCK TABLES `cache` WRITE;
/*!40000 ALTER TABLE `cache` DISABLE KEYS */;
/*!40000 ALTER TABLE `cache` ENABLE KEYS */;
UNLOCK TABLES;

--
-- Table structure for table `cache_locks`
--

DROP TABLE IF EXISTS `cache_locks`;
/*!40101 SET @saved_cs_client     = @@character_set_client */;
/*!50503 SET character_set_client = utf8mb4 */;
CREATE TABLE `cache_locks` (
  `key` varchar(255) COLLATE utf8mb4_unicode_ci NOT NULL,
  `owner` varchar(255) COLLATE utf8mb4_unicode_ci NOT NULL,
  `expiration` int NOT NULL,
  PRIMARY KEY (`key`)
) ENGINE=InnoDB DEFAULT CHARSET=utf8mb4 COLLATE=utf8mb4_unicode_ci;
/*!40101 SET character_set_client = @saved_cs_client */;

--
-- Dumping data for table `cache_locks`
--

LOCK TABLES `cache_locks` WRITE;
/*!40000 ALTER TABLE `cache_locks` DISABLE KEYS */;
/*!40000 ALTER TABLE `cache_locks` ENABLE KEYS */;
UNLOCK TABLES;

--
-- Table structure for table `events`
--

DROP TABLE IF EXISTS `events`;
/*!40101 SET @saved_cs_client     = @@character_set_client */;
/*!50503 SET character_set_client = utf8mb4 */;
CREATE TABLE `events` (
  `id_event` bigint unsigned NOT NULL AUTO_INCREMENT,
  `gambar` json DEFAULT NULL,
  `judul` varchar(255) COLLATE utf8mb4_unicode_ci NOT NULL,
  `slug` varchar(255) COLLATE utf8mb4_unicode_ci NOT NULL,
  `deskripsi` text COLLATE utf8mb4_unicode_ci NOT NULL,
  `created_at` timestamp NULL DEFAULT NULL,
  `updated_at` timestamp NULL DEFAULT NULL,
  PRIMARY KEY (`id_event`)
) ENGINE=InnoDB AUTO_INCREMENT=3 DEFAULT CHARSET=utf8mb4 COLLATE=utf8mb4_unicode_ci;
/*!40101 SET character_set_client = @saved_cs_client */;

--
-- Dumping data for table `events`
--

LOCK TABLES `events` WRITE;
/*!40000 ALTER TABLE `events` DISABLE KEYS */;
INSERT INTO `events` VALUES (2,'[]','Pacu Kuda','pacu-kuda','Pacuan kuda merupakan salah satu tradisi warisan Minangkabau yang di selenggarakan di Bukit Ambacang Kota Bukittinggi yang berbatasan langsung dengan Kabupaten Agam','2026-03-24 09:35:35','2026-03-24 09:40:21');
/*!40000 ALTER TABLE `events` ENABLE KEYS */;
UNLOCK TABLES;

--
-- Table structure for table `failed_jobs`
--

DROP TABLE IF EXISTS `failed_jobs`;
/*!40101 SET @saved_cs_client     = @@character_set_client */;
/*!50503 SET character_set_client = utf8mb4 */;
CREATE TABLE `failed_jobs` (
  `id` bigint unsigned NOT NULL AUTO_INCREMENT,
  `uuid` varchar(255) COLLATE utf8mb4_unicode_ci NOT NULL,
  `connection` text COLLATE utf8mb4_unicode_ci NOT NULL,
  `queue` text COLLATE utf8mb4_unicode_ci NOT NULL,
  `payload` longtext COLLATE utf8mb4_unicode_ci NOT NULL,
  `exception` longtext COLLATE utf8mb4_unicode_ci NOT NULL,
  `failed_at` timestamp NOT NULL DEFAULT CURRENT_TIMESTAMP,
  PRIMARY KEY (`id`),
  UNIQUE KEY `failed_jobs_uuid_unique` (`uuid`)
) ENGINE=InnoDB DEFAULT CHARSET=utf8mb4 COLLATE=utf8mb4_unicode_ci;
/*!40101 SET character_set_client = @saved_cs_client */;

--
-- Dumping data for table `failed_jobs`
--

LOCK TABLES `failed_jobs` WRITE;
/*!40000 ALTER TABLE `failed_jobs` DISABLE KEYS */;
/*!40000 ALTER TABLE `failed_jobs` ENABLE KEYS */;
UNLOCK TABLES;

--
-- Table structure for table `hotels`
--

DROP TABLE IF EXISTS `hotels`;
/*!40101 SET @saved_cs_client     = @@character_set_client */;
/*!50503 SET character_set_client = utf8mb4 */;
CREATE TABLE `hotels` (
  `id_hotel` bigint unsigned NOT NULL AUTO_INCREMENT,
  `nama` varchar(255) COLLATE utf8mb4_unicode_ci NOT NULL,
  `slug` varchar(255) COLLATE utf8mb4_unicode_ci NOT NULL,
  `deskripsi` text COLLATE utf8mb4_unicode_ci NOT NULL,
  `lokasi` text COLLATE utf8mb4_unicode_ci NOT NULL,
  `gambar` json DEFAULT NULL,
  `bintang` tinyint DEFAULT NULL,
  `harga_mulai` int DEFAULT NULL,
  `telepon` varchar(255) COLLATE utf8mb4_unicode_ci DEFAULT NULL,
  `harga_max` int NOT NULL,
  `created_at` timestamp NULL DEFAULT NULL,
  `updated_at` timestamp NULL DEFAULT NULL,
  `latitude` decimal(10,8) DEFAULT NULL,
  `longitude` decimal(11,8) DEFAULT NULL,
  PRIMARY KEY (`id_hotel`)
) ENGINE=InnoDB AUTO_INCREMENT=4 DEFAULT CHARSET=utf8mb4 COLLATE=utf8mb4_unicode_ci;
/*!40101 SET character_set_client = @saved_cs_client */;

--
-- Dumping data for table `hotels`
--

LOCK TABLES `hotels` WRITE;
/*!40000 ALTER TABLE `hotels` DISABLE KEYS */;
INSERT INTO `hotels` VALUES (1,'Grand Rocky Hotel','grand-rocky-hotel','Berlokasi di Bukittinggi, 6 menit jalan kaki dari Jam Gadang, Grand Rocky Hotel Bukittinggi menyediakan kamar ber-AC dan taman. Fasilitas yang tersedia di akomodasi ini adalah restoran, layanan kamar, resepsionis 24 jam, dan WiFi gratis di seluruh area akomodasi. Akomodasi ini menawarkan mesin ATM dan layanan concierge untuk Anda.  Semua unit di hotel dilengkapi area tempat duduk, TV layar datar dengan saluran kabel, dan brankas. Unit memiliki meja kerja.  Istana Bung Hatta berjarak kurang dari 1 km dari Grand Rocky Hotel Bukittinggi, sementara Stasiun Kereta Padang Panjang terletak sejauh 20 km. Bandara terdekat adalah Bandara Internasional Minangkabau, 71 km dari Grand Rocky Hotel Bukittinggi.','Grand Rocky Hotel, Bukittinggi','[\"hotel-images/01KKBM599QSFKMB9PYP7CN6C2Y.jpg\", \"hotel-images/01KKBM6HZRQY6SS0E1XMFWNDWF.jpg\"]',4,1000000,'0752627000',5000000,'2026-03-10 07:37:20','2026-03-24 13:33:23',-0.30284460,100.36642110),(3,'Monopoli Hotel','monopoli-hotel','Monopoli Hotel Bukittinggi adalah hotel bintang 4 yang berlokasi di Guguk Panjang, Bukittinggi yang menawarkan berbagai tipe kamar sesuai kebutuhan kamu.','M9V9+J5 Bukit Cangang Kayu Ramang, Bukittinggi City, West Sumatra','[\"hotel-images/01KMFYPRSZ529TSM2B4W8M6WKN.jpeg\"]',4,750000,'082385293324',4500000,'2026-03-24 12:56:53','2026-03-24 13:56:59',-0.30907000,100.37055000);
/*!40000 ALTER TABLE `hotels` ENABLE KEYS */;
UNLOCK TABLES;

--
-- Table structure for table `job_batches`
--

DROP TABLE IF EXISTS `job_batches`;
/*!40101 SET @saved_cs_client     = @@character_set_client */;
/*!50503 SET character_set_client = utf8mb4 */;
CREATE TABLE `job_batches` (
  `id` varchar(255) COLLATE utf8mb4_unicode_ci NOT NULL,
  `name` varchar(255) COLLATE utf8mb4_unicode_ci NOT NULL,
  `total_jobs` int NOT NULL,
  `pending_jobs` int NOT NULL,
  `failed_jobs` int NOT NULL,
  `failed_job_ids` longtext COLLATE utf8mb4_unicode_ci NOT NULL,
  `options` mediumtext COLLATE utf8mb4_unicode_ci,
  `cancelled_at` int DEFAULT NULL,
  `created_at` int NOT NULL,
  `finished_at` int DEFAULT NULL,
  PRIMARY KEY (`id`)
) ENGINE=InnoDB DEFAULT CHARSET=utf8mb4 COLLATE=utf8mb4_unicode_ci;
/*!40101 SET character_set_client = @saved_cs_client */;

--
-- Dumping data for table `job_batches`
--

LOCK TABLES `job_batches` WRITE;
/*!40000 ALTER TABLE `job_batches` DISABLE KEYS */;
/*!40000 ALTER TABLE `job_batches` ENABLE KEYS */;
UNLOCK TABLES;

--
-- Table structure for table `jobs`
--

DROP TABLE IF EXISTS `jobs`;
/*!40101 SET @saved_cs_client     = @@character_set_client */;
/*!50503 SET character_set_client = utf8mb4 */;
CREATE TABLE `jobs` (
  `id` bigint unsigned NOT NULL AUTO_INCREMENT,
  `queue` varchar(255) COLLATE utf8mb4_unicode_ci NOT NULL,
  `payload` longtext COLLATE utf8mb4_unicode_ci NOT NULL,
  `attempts` tinyint unsigned NOT NULL,
  `reserved_at` int unsigned DEFAULT NULL,
  `available_at` int unsigned NOT NULL,
  `created_at` int unsigned NOT NULL,
  PRIMARY KEY (`id`),
  KEY `jobs_queue_index` (`queue`)
) ENGINE=InnoDB DEFAULT CHARSET=utf8mb4 COLLATE=utf8mb4_unicode_ci;
/*!40101 SET character_set_client = @saved_cs_client */;

--
-- Dumping data for table `jobs`
--

LOCK TABLES `jobs` WRITE;
/*!40000 ALTER TABLE `jobs` DISABLE KEYS */;
/*!40000 ALTER TABLE `jobs` ENABLE KEYS */;
UNLOCK TABLES;

--
-- Table structure for table `kategoris`
--

DROP TABLE IF EXISTS `kategoris`;
/*!40101 SET @saved_cs_client     = @@character_set_client */;
/*!50503 SET character_set_client = utf8mb4 */;
CREATE TABLE `kategoris` (
  `id_kategori` bigint unsigned NOT NULL AUTO_INCREMENT,
  `nama` varchar(255) COLLATE utf8mb4_unicode_ci NOT NULL,
  `slug` varchar(255) COLLATE utf8mb4_unicode_ci NOT NULL,
  `gambar` varchar(255) COLLATE utf8mb4_unicode_ci NOT NULL,
  `created_at` timestamp NULL DEFAULT NULL,
  `updated_at` timestamp NULL DEFAULT NULL,
  PRIMARY KEY (`id_kategori`)
) ENGINE=InnoDB AUTO_INCREMENT=6 DEFAULT CHARSET=utf8mb4 COLLATE=utf8mb4_unicode_ci;
/*!40101 SET character_set_client = @saved_cs_client */;

--
-- Dumping data for table `kategoris`
--

LOCK TABLES `kategoris` WRITE;
/*!40000 ALTER TABLE `kategoris` DISABLE KEYS */;
INSERT INTO `kategoris` VALUES (2,'Wisata Sejarah','wisata-sejarah','kategori-images/01KMFMHFPVAV1W7XQS986VK801.jpeg','2026-03-24 09:59:14','2026-03-24 09:59:14'),(3,'Wisata Alam','wisata-alam','kategori-images/01KMFVWHGV50F0DWGSE5CNPTYT.jpeg','2026-03-24 12:07:36','2026-03-24 12:07:36'),(4,'Wisata Kuliner','wisata-kuliner','kategori-images/01KMFW0XA6AD0NF3X0ANMRA0ZE.jpeg','2026-03-24 12:09:59','2026-03-24 12:09:59'),(5,'Wisata Seni Budaya','wisata-seni-budaya','kategori-images/01KMFW37QFB613MBNG9Y9Q0VY3.jpg','2026-03-24 12:11:16','2026-03-24 12:11:16');
/*!40000 ALTER TABLE `kategoris` ENABLE KEYS */;
UNLOCK TABLES;

--
-- Table structure for table `komentars`
--

DROP TABLE IF EXISTS `komentars`;
/*!40101 SET @saved_cs_client     = @@character_set_client */;
/*!50503 SET character_set_client = utf8mb4 */;
CREATE TABLE `komentars` (
  `id_komentar` bigint unsigned NOT NULL AUTO_INCREMENT,
  `id_user` bigint unsigned NOT NULL,
  `komentar` text COLLATE utf8mb4_unicode_ci NOT NULL,
  `commentable_type` varchar(255) COLLATE utf8mb4_unicode_ci NOT NULL,
  `commentable_id` bigint unsigned NOT NULL,
  `created_at` timestamp NULL DEFAULT NULL,
  `updated_at` timestamp NULL DEFAULT NULL,
  PRIMARY KEY (`id_komentar`),
  KEY `komentars_id_user_foreign` (`id_user`),
  KEY `komentars_commentable_type_commentable_id_index` (`commentable_type`,`commentable_id`),
  CONSTRAINT `komentars_id_user_foreign` FOREIGN KEY (`id_user`) REFERENCES `users` (`id`) ON DELETE CASCADE
) ENGINE=InnoDB AUTO_INCREMENT=2 DEFAULT CHARSET=utf8mb4 COLLATE=utf8mb4_unicode_ci;
/*!40101 SET character_set_client = @saved_cs_client */;

--
-- Dumping data for table `komentars`
--

LOCK TABLES `komentars` WRITE;
/*!40000 ALTER TABLE `komentars` DISABLE KEYS */;
/*!40000 ALTER TABLE `komentars` ENABLE KEYS */;
UNLOCK TABLES;

--
-- Table structure for table `kritiksarans`
--

DROP TABLE IF EXISTS `kritiksarans`;
/*!40101 SET @saved_cs_client     = @@character_set_client */;
/*!50503 SET character_set_client = utf8mb4 */;
CREATE TABLE `kritiksarans` (
  `id_kritiksaran` bigint unsigned NOT NULL AUTO_INCREMENT,
  `id_user` bigint unsigned DEFAULT NULL,
  `nama_pengirim` varchar(255) COLLATE utf8mb4_unicode_ci DEFAULT NULL,
  `subjek` varchar(255) COLLATE utf8mb4_unicode_ci NOT NULL,
  `konten` text COLLATE utf8mb4_unicode_ci NOT NULL,
  `email_pengirim` varchar(255) COLLATE utf8mb4_unicode_ci DEFAULT NULL,
  `balasan` text COLLATE utf8mb4_unicode_ci,
  `dibalas_at` timestamp NULL DEFAULT NULL,
  `created_at` timestamp NULL DEFAULT NULL,
  `updated_at` timestamp NULL DEFAULT NULL,
  PRIMARY KEY (`id_kritiksaran`)
) ENGINE=InnoDB AUTO_INCREMENT=5 DEFAULT CHARSET=utf8mb4 COLLATE=utf8mb4_unicode_ci;
/*!40101 SET character_set_client = @saved_cs_client */;

--
-- Dumping data for table `kritiksarans`
--

LOCK TABLES `kritiksarans` WRITE;
/*!40000 ALTER TABLE `kritiksarans` DISABLE KEYS */;
INSERT INTO `kritiksarans` VALUES (4,NULL,'raxxel','Saran','perbanyak tempat sampah','user@gmail.com','yo makasih atas saran nyo da\n','2026-03-28 07:55:53','2026-03-28 07:55:24','2026-03-28 07:55:53');
/*!40000 ALTER TABLE `kritiksarans` ENABLE KEYS */;
UNLOCK TABLES;

--
-- Table structure for table `kuliners`
--

DROP TABLE IF EXISTS `kuliners`;
/*!40101 SET @saved_cs_client     = @@character_set_client */;
/*!50503 SET character_set_client = utf8mb4 */;
CREATE TABLE `kuliners` (
  `id_kuliner` bigint unsigned NOT NULL AUTO_INCREMENT,
  `nama` varchar(255) COLLATE utf8mb4_unicode_ci NOT NULL,
  `slug` varchar(255) COLLATE utf8mb4_unicode_ci NOT NULL,
  `id_kategori` bigint unsigned NOT NULL,
  `deskripsi` text COLLATE utf8mb4_unicode_ci NOT NULL,
  `gambar` varchar(255) COLLATE utf8mb4_unicode_ci NOT NULL,
  `created_at` timestamp NULL DEFAULT NULL,
  `updated_at` timestamp NULL DEFAULT NULL,
  PRIMARY KEY (`id_kuliner`)
) ENGINE=InnoDB AUTO_INCREMENT=3 DEFAULT CHARSET=utf8mb4 COLLATE=utf8mb4_unicode_ci;
/*!40101 SET character_set_client = @saved_cs_client */;

--
-- Dumping data for table `kuliners`
--

LOCK TABLES `kuliners` WRITE;
/*!40000 ALTER TABLE `kuliners` DISABLE KEYS */;
INSERT INTO `kuliners` VALUES (2,'Dadiah','dadiah',4,'Dadiah adalah yogurt tradisional khas Minangkabau yang dibuat dari susu kerbau yang difermentasi secara alami di dalam batang bambu. Di Bukittinggi, kuliner ini sangat legendaris karena teksturnya yang kental dan rasa asam yang segar.','wisata-images/01KMFWJYXE6HMHW20X2979F1A1.jpeg','2026-03-24 12:19:51','2026-03-24 12:19:51');
/*!40000 ALTER TABLE `kuliners` ENABLE KEYS */;
UNLOCK TABLES;

--
-- Table structure for table `migrations`
--

DROP TABLE IF EXISTS `migrations`;
/*!40101 SET @saved_cs_client     = @@character_set_client */;
/*!50503 SET character_set_client = utf8mb4 */;
CREATE TABLE `migrations` (
  `id` int unsigned NOT NULL AUTO_INCREMENT,
  `migration` varchar(255) COLLATE utf8mb4_unicode_ci NOT NULL,
  `batch` int NOT NULL,
  PRIMARY KEY (`id`)
) ENGINE=InnoDB AUTO_INCREMENT=26 DEFAULT CHARSET=utf8mb4 COLLATE=utf8mb4_unicode_ci;
/*!40101 SET character_set_client = @saved_cs_client */;

--
-- Dumping data for table `migrations`
--

LOCK TABLES `migrations` WRITE;
/*!40000 ALTER TABLE `migrations` DISABLE KEYS */;
INSERT INTO `migrations` VALUES (1,'0001_01_01_000000_create_users_table',1),(2,'0001_01_01_000001_create_cache_table',1),(3,'0001_01_01_000002_create_jobs_table',1),(4,'2025_05_11_142828_create_kategoris_table',1),(5,'2025_05_11_143926_create_wisatas_table',1),(6,'2025_05_11_144329_create_hotels_table',1),(7,'2025_05_11_145322_create_kritiksarans_table',1),(8,'2025_05_11_145654_create_events_table',1),(9,'2025_05_11_151017_create_komentars_table',1),(10,'2025_05_11_151208_create_visits_table',1),(11,'2025_05_17_151600_add_id_kategori_to_senbuds_table',1),(12,'2025_05_21_074957_add_latlng_to_hotels_table',1),(13,'2025_05_21_075112_add_latlng_to_wisatas_table',1),(14,'2025_05_21_094818_add_jenis_to_wisatas_table',1),(15,'2025_05_21_101932_update_komentars_to_polymorphic',1),(16,'2025_05_23_221057_create_visit_logs_table',1),(17,'2025_05_30_102247_add_fasilitas_to_wisatas_table',1),(18,'2025_05_30_154800_add_harga_telepon_to_hotels_table',1),(19,'2025_05_11_150025_create_senbuds_table',2),(20,'2025_05_11_150752_create_kuliners_table',2),(21,'2026_03_10_155648_change_gambar_to_json_in_hotels_table',3),(22,'2026_03_24_162932_change_gambar_to_json_in_events_table',4),(23,'2026_03_28_135901_add_balasan_to_kritiksarans_table',4),(24,'2026_03_28_140749_make_id_user_nullable_in_kritiksarans_table',5),(25,'2026_03_28_144619_add_nama_pengirim_to_kritiksarans_table',6);
/*!40000 ALTER TABLE `migrations` ENABLE KEYS */;
UNLOCK TABLES;

--
-- Table structure for table `password_reset_tokens`
--

DROP TABLE IF EXISTS `password_reset_tokens`;
/*!40101 SET @saved_cs_client     = @@character_set_client */;
/*!50503 SET character_set_client = utf8mb4 */;
CREATE TABLE `password_reset_tokens` (
  `email` varchar(255) COLLATE utf8mb4_unicode_ci NOT NULL,
  `token` varchar(255) COLLATE utf8mb4_unicode_ci NOT NULL,
  `created_at` timestamp NULL DEFAULT NULL,
  PRIMARY KEY (`email`)
) ENGINE=InnoDB DEFAULT CHARSET=utf8mb4 COLLATE=utf8mb4_unicode_ci;
/*!40101 SET character_set_client = @saved_cs_client */;

--
-- Dumping data for table `password_reset_tokens`
--

LOCK TABLES `password_reset_tokens` WRITE;
/*!40000 ALTER TABLE `password_reset_tokens` DISABLE KEYS */;
/*!40000 ALTER TABLE `password_reset_tokens` ENABLE KEYS */;
UNLOCK TABLES;

--
-- Table structure for table `senbuds`
--

DROP TABLE IF EXISTS `senbuds`;
/*!40101 SET @saved_cs_client     = @@character_set_client */;
/*!50503 SET character_set_client = utf8mb4 */;
CREATE TABLE `senbuds` (
  `id_senbud` bigint unsigned NOT NULL AUTO_INCREMENT,
  `nama` varchar(255) COLLATE utf8mb4_unicode_ci NOT NULL,
  `slug` varchar(255) COLLATE utf8mb4_unicode_ci NOT NULL,
  `id_kategori` bigint unsigned NOT NULL,
  `deskripsi` text COLLATE utf8mb4_unicode_ci NOT NULL,
  `gambar` varchar(255) COLLATE utf8mb4_unicode_ci NOT NULL,
  `created_at` timestamp NULL DEFAULT NULL,
  `updated_at` timestamp NULL DEFAULT NULL,
  PRIMARY KEY (`id_senbud`)
) ENGINE=InnoDB AUTO_INCREMENT=3 DEFAULT CHARSET=utf8mb4 COLLATE=utf8mb4_unicode_ci;
/*!40101 SET character_set_client = @saved_cs_client */;

--
-- Dumping data for table `senbuds`
--

LOCK TABLES `senbuds` WRITE;
/*!40000 ALTER TABLE `senbuds` DISABLE KEYS */;
INSERT INTO `senbuds` VALUES (1,'Pandai Sikek','pandai-sikek',5,'Pandai Sikek adalah sebuah nagari (desa) di Kecamatan X Koto, Kabupaten Tanah Datar, Sumatera Barat yang terletak di kaki Gunung Singgalang dan Gunung Merapi. Nagari ini dikenal sebagai Pusat Tenun Songket terbaik di Minangkabau.','wisata-images/01KMFWS41HJRVT691X3HNK8VHY.jpg','2026-03-24 12:23:13','2026-03-24 12:23:13');
/*!40000 ALTER TABLE `senbuds` ENABLE KEYS */;
UNLOCK TABLES;

--
-- Table structure for table `sessions`
--

DROP TABLE IF EXISTS `sessions`;
/*!40101 SET @saved_cs_client     = @@character_set_client */;
/*!50503 SET character_set_client = utf8mb4 */;
CREATE TABLE `sessions` (
  `id` varchar(255) COLLATE utf8mb4_unicode_ci NOT NULL,
  `user_id` bigint unsigned DEFAULT NULL,
  `ip_address` varchar(45) COLLATE utf8mb4_unicode_ci DEFAULT NULL,
  `user_agent` text COLLATE utf8mb4_unicode_ci,
  `payload` text COLLATE utf8mb4_unicode_ci NOT NULL,
  `last_activity` int NOT NULL,
  PRIMARY KEY (`id`),
  KEY `sessions_user_id_index` (`user_id`),
  KEY `sessions_last_activity_index` (`last_activity`)
) ENGINE=InnoDB DEFAULT CHARSET=utf8mb4 COLLATE=utf8mb4_unicode_ci;
/*!40101 SET character_set_client = @saved_cs_client */;

--
-- Dumping data for table `sessions`
--

LOCK TABLES `sessions` WRITE;
/*!40000 ALTER TABLE `sessions` DISABLE KEYS */;
/*!40000 ALTER TABLE `sessions` ENABLE KEYS */;
UNLOCK TABLES;

--
-- Table structure for table `users`
--

DROP TABLE IF EXISTS `users`;
/*!40101 SET @saved_cs_client     = @@character_set_client */;
/*!50503 SET character_set_client = utf8mb4 */;
CREATE TABLE `users` (
  `id` bigint unsigned NOT NULL AUTO_INCREMENT,
  `name` varchar(255) COLLATE utf8mb4_unicode_ci NOT NULL,
  `email` varchar(255) COLLATE utf8mb4_unicode_ci NOT NULL,
  `email_verified_at` timestamp NULL DEFAULT NULL,
  `password` varchar(255) COLLATE utf8mb4_unicode_ci NOT NULL,
  `role` varchar(255) COLLATE utf8mb4_unicode_ci NOT NULL DEFAULT 'user',
  `remember_token` varchar(100) COLLATE utf8mb4_unicode_ci DEFAULT NULL,
  `created_at` timestamp NULL DEFAULT NULL,
  `updated_at` timestamp NULL DEFAULT NULL,
  PRIMARY KEY (`id`),
  UNIQUE KEY `users_email_unique` (`email`)
) ENGINE=InnoDB AUTO_INCREMENT=3 DEFAULT CHARSET=utf8mb4 COLLATE=utf8mb4_unicode_ci;
/*!40101 SET character_set_client = @saved_cs_client */;

--
-- Dumping data for table `users`
--

LOCK TABLES `users` WRITE;
/*!40000 ALTER TABLE `users` DISABLE KEYS */;
INSERT INTO `users` VALUES (1,'Admin','admin@dispar.com',NULL,'$2y$12$mOEdY71wsFuGUV09Vjj3verW063ld88uMQC2kSYP5SD8kuQoVkGZq','admin','JxZK5XZXEBKNUD8j45NNk61GCFJ8TV46AAU3k6rcqm0nzdpWDpAnuRXFk0tS','2026-03-07 01:32:29','2026-03-07 01:32:29'),(2,'raxxel','user@gmail.com',NULL,'$2y$12$HI3jbjTZpHTXTFFFsjQU4.z88KcLeoN7odqEWpFFCToXKxGtvD3Oa','user',NULL,'2026-03-24 11:08:44','2026-03-24 11:08:44');
/*!40000 ALTER TABLE `users` ENABLE KEYS */;
UNLOCK TABLES;

--
-- Table structure for table `visit_logs`
--

DROP TABLE IF EXISTS `visit_logs`;
/*!40101 SET @saved_cs_client     = @@character_set_client */;
/*!50503 SET character_set_client = utf8mb4 */;
CREATE TABLE `visit_logs` (
  `id` bigint unsigned NOT NULL AUTO_INCREMENT,
  `ip` varchar(45) COLLATE utf8mb4_unicode_ci NOT NULL,
  `user_agent` varchar(255) COLLATE utf8mb4_unicode_ci DEFAULT NULL,
  `url` varchar(255) COLLATE utf8mb4_unicode_ci NOT NULL,
  `visited_at` timestamp NOT NULL DEFAULT CURRENT_TIMESTAMP,
  PRIMARY KEY (`id`)
) ENGINE=InnoDB DEFAULT CHARSET=utf8mb4 COLLATE=utf8mb4_unicode_ci;
/*!40101 SET character_set_client = @saved_cs_client */;

--
-- Dumping data for table `visit_logs`
--

LOCK TABLES `visit_logs` WRITE;
/*!40000 ALTER TABLE `visit_logs` DISABLE KEYS */;
/*!40000 ALTER TABLE `visit_logs` ENABLE KEYS */;
UNLOCK TABLES;

--
-- Table structure for table `visits`
--

DROP TABLE IF EXISTS `visits`;
/*!40101 SET @saved_cs_client     = @@character_set_client */;
/*!50503 SET character_set_client = utf8mb4 */;
CREATE TABLE `visits` (
  `id_visit` bigint unsigned NOT NULL AUTO_INCREMENT,
  `id_user` bigint unsigned DEFAULT NULL,
  `id_session` varchar(255) COLLATE utf8mb4_unicode_ci NOT NULL,
  `ip_address` varchar(255) COLLATE utf8mb4_unicode_ci NOT NULL,
  `tanggal` date NOT NULL,
  `online` int NOT NULL,
  `time` time NOT NULL,
  `created_at` timestamp NULL DEFAULT NULL,
  `updated_at` timestamp NULL DEFAULT NULL,
  PRIMARY KEY (`id_visit`)
) ENGINE=InnoDB AUTO_INCREMENT=1091 DEFAULT CHARSET=utf8mb4 COLLATE=utf8mb4_unicode_ci;
/*!40101 SET character_set_client = @saved_cs_client */;

--
-- Dumping data for table `visits`
--

LOCK TABLES `visits` WRITE;
/*!40000 ALTER TABLE `visits` DISABLE KEYS */;
INSERT INTO `visits` VALUES (1,NULL,'Gxi237L56IUE3ahm6osjIjm6UzuctTgmD6rZJt89','127.0.0.1','2026-03-07',1,'20:55:24','2026-03-07 13:55:24','2026-03-07 13:55:24'),(2,NULL,'Gxi237L56IUE3ahm6osjIjm6UzuctTgmD6rZJt89','127.0.0.1','2026-03-07',1,'20:55:42','2026-03-07 13:55:42','2026-03-07 13:55:42'),(3,NULL,'Gxi237L56IUE3ahm6osjIjm6UzuctTgmD6rZJt89','127.0.0.1','2026-03-07',1,'20:55:47','2026-03-07 13:55:47','2026-03-07 13:55:47'),(4,NULL,'Gxi237L56IUE3ahm6osjIjm6UzuctTgmD6rZJt89','127.0.0.1','2026-03-07',1,'20:55:51','2026-03-07 13:55:51','2026-03-07 13:55:51'),(5,NULL,'Gxi237L56IUE3ahm6osjIjm6UzuctTgmD6rZJt89','127.0.0.1','2026-03-07',1,'20:55:53','2026-03-07 13:55:53','2026-03-07 13:55:53'),(6,NULL,'Gxi237L56IUE3ahm6osjIjm6UzuctTgmD6rZJt89','127.0.0.1','2026-03-07',1,'20:55:56','2026-03-07 13:55:56','2026-03-07 13:55:56'),(7,NULL,'Gxi237L56IUE3ahm6osjIjm6UzuctTgmD6rZJt89','127.0.0.1','2026-03-07',1,'20:55:58','2026-03-07 13:55:58','2026-03-07 13:55:58'),(8,NULL,'Gxi237L56IUE3ahm6osjIjm6UzuctTgmD6rZJt89','127.0.0.1','2026-03-07',1,'20:56:14','2026-03-07 13:56:14','2026-03-07 13:56:14'),(9,NULL,'Gxi237L56IUE3ahm6osjIjm6UzuctTgmD6rZJt89','127.0.0.1','2026-03-07',1,'20:56:15','2026-03-07 13:56:15','2026-03-07 13:56:15'),(10,NULL,'Gxi237L56IUE3ahm6osjIjm6UzuctTgmD6rZJt89','127.0.0.1','2026-03-07',1,'20:56:22','2026-03-07 13:56:22','2026-03-07 13:56:22'),(11,NULL,'Gxi237L56IUE3ahm6osjIjm6UzuctTgmD6rZJt89','127.0.0.1','2026-03-07',1,'20:56:26','2026-03-07 13:56:26','2026-03-07 13:56:26'),(12,NULL,'Gxi237L56IUE3ahm6osjIjm6UzuctTgmD6rZJt89','127.0.0.1','2026-03-07',1,'20:56:31','2026-03-07 13:56:31','2026-03-07 13:56:31'),(13,NULL,'Gxi237L56IUE3ahm6osjIjm6UzuctTgmD6rZJt89','127.0.0.1','2026-03-07',1,'20:56:34','2026-03-07 13:56:34','2026-03-07 13:56:34'),(14,NULL,'Gxi237L56IUE3ahm6osjIjm6UzuctTgmD6rZJt89','127.0.0.1','2026-03-07',1,'20:56:37','2026-03-07 13:56:37','2026-03-07 13:56:37'),(15,NULL,'Gxi237L56IUE3ahm6osjIjm6UzuctTgmD6rZJt89','127.0.0.1','2026-03-07',1,'20:56:41','2026-03-07 13:56:41','2026-03-07 13:56:41'),(16,NULL,'Gxi237L56IUE3ahm6osjIjm6UzuctTgmD6rZJt89','127.0.0.1','2026-03-07',1,'20:56:43','2026-03-07 13:56:43','2026-03-07 13:56:43'),(17,NULL,'Gxi237L56IUE3ahm6osjIjm6UzuctTgmD6rZJt89','127.0.0.1','2026-03-07',1,'20:56:46','2026-03-07 13:56:46','2026-03-07 13:56:46'),(18,NULL,'Gxi237L56IUE3ahm6osjIjm6UzuctTgmD6rZJt89','127.0.0.1','2026-03-07',1,'20:56:49','2026-03-07 13:56:49','2026-03-07 13:56:49'),(19,NULL,'Gxi237L56IUE3ahm6osjIjm6UzuctTgmD6rZJt89','127.0.0.1','2026-03-07',1,'20:56:51','2026-03-07 13:56:51','2026-03-07 13:56:51'),(20,NULL,'Gxi237L56IUE3ahm6osjIjm6UzuctTgmD6rZJt89','127.0.0.1','2026-03-07',1,'20:57:04','2026-03-07 13:57:04','2026-03-07 13:57:04'),(21,NULL,'Gxi237L56IUE3ahm6osjIjm6UzuctTgmD6rZJt89','127.0.0.1','2026-03-07',1,'20:57:08','2026-03-07 13:57:08','2026-03-07 13:57:08'),(22,NULL,'yTylm1idA49KsqfaLl7jjt6YPd5Cc1aCXO3mBqVE','127.0.0.1','2026-03-07',1,'20:59:09','2026-03-07 13:59:09','2026-03-07 13:59:09'),(23,1,'MkKfXlpwFeviGDx9FQpD200Wca8QzXgLt8sBNMHC','127.0.0.1','2026-03-07',1,'21:04:13','2026-03-07 14:04:13','2026-03-07 14:04:13'),(24,1,'MkKfXlpwFeviGDx9FQpD200Wca8QzXgLt8sBNMHC','127.0.0.1','2026-03-07',1,'21:04:13','2026-03-07 14:04:13','2026-03-07 14:04:13'),(25,1,'MkKfXlpwFeviGDx9FQpD200Wca8QzXgLt8sBNMHC','127.0.0.1','2026-03-07',1,'21:04:18','2026-03-07 14:04:18','2026-03-07 14:04:18'),(26,1,'MkKfXlpwFeviGDx9FQpD200Wca8QzXgLt8sBNMHC','127.0.0.1','2026-03-07',1,'21:04:23','2026-03-07 14:04:23','2026-03-07 14:04:23'),(27,1,'MkKfXlpwFeviGDx9FQpD200Wca8QzXgLt8sBNMHC','127.0.0.1','2026-03-07',1,'21:04:28','2026-03-07 14:04:28','2026-03-07 14:04:28'),(28,1,'MkKfXlpwFeviGDx9FQpD200Wca8QzXgLt8sBNMHC','127.0.0.1','2026-03-07',1,'21:04:33','2026-03-07 14:04:33','2026-03-07 14:04:33'),(29,1,'MkKfXlpwFeviGDx9FQpD200Wca8QzXgLt8sBNMHC','127.0.0.1','2026-03-07',1,'21:04:38','2026-03-07 14:04:38','2026-03-07 14:04:38'),(30,1,'MkKfXlpwFeviGDx9FQpD200Wca8QzXgLt8sBNMHC','127.0.0.1','2026-03-07',1,'21:04:43','2026-03-07 14:04:43','2026-03-07 14:04:43'),(31,1,'MkKfXlpwFeviGDx9FQpD200Wca8QzXgLt8sBNMHC','127.0.0.1','2026-03-07',1,'21:04:48','2026-03-07 14:04:48','2026-03-07 14:04:48'),(32,1,'MkKfXlpwFeviGDx9FQpD200Wca8QzXgLt8sBNMHC','127.0.0.1','2026-03-07',1,'21:05:38','2026-03-07 14:05:38','2026-03-07 14:05:38'),(33,1,'MkKfXlpwFeviGDx9FQpD200Wca8QzXgLt8sBNMHC','127.0.0.1','2026-03-07',1,'21:05:43','2026-03-07 14:05:43','2026-03-07 14:05:43'),(34,1,'MkKfXlpwFeviGDx9FQpD200Wca8QzXgLt8sBNMHC','127.0.0.1','2026-03-07',1,'21:05:48','2026-03-07 14:05:48','2026-03-07 14:05:48'),(35,1,'MkKfXlpwFeviGDx9FQpD200Wca8QzXgLt8sBNMHC','127.0.0.1','2026-03-07',1,'21:05:53','2026-03-07 14:05:53','2026-03-07 14:05:53'),(36,1,'MkKfXlpwFeviGDx9FQpD200Wca8QzXgLt8sBNMHC','127.0.0.1','2026-03-07',1,'21:05:58','2026-03-07 14:05:58','2026-03-07 14:05:58'),(37,1,'MkKfXlpwFeviGDx9FQpD200Wca8QzXgLt8sBNMHC','127.0.0.1','2026-03-07',1,'21:06:03','2026-03-07 14:06:03','2026-03-07 14:06:03'),(38,1,'MkKfXlpwFeviGDx9FQpD200Wca8QzXgLt8sBNMHC','127.0.0.1','2026-03-07',1,'21:06:08','2026-03-07 14:06:08','2026-03-07 14:06:08'),(39,1,'MkKfXlpwFeviGDx9FQpD200Wca8QzXgLt8sBNMHC','127.0.0.1','2026-03-07',1,'21:06:13','2026-03-07 14:06:13','2026-03-07 14:06:13'),(40,1,'MkKfXlpwFeviGDx9FQpD200Wca8QzXgLt8sBNMHC','127.0.0.1','2026-03-07',1,'21:06:18','2026-03-07 14:06:18','2026-03-07 14:06:18'),(41,1,'MkKfXlpwFeviGDx9FQpD200Wca8QzXgLt8sBNMHC','127.0.0.1','2026-03-07',1,'21:06:23','2026-03-07 14:06:23','2026-03-07 14:06:23'),(42,1,'MkKfXlpwFeviGDx9FQpD200Wca8QzXgLt8sBNMHC','127.0.0.1','2026-03-07',1,'21:06:28','2026-03-07 14:06:28','2026-03-07 14:06:28'),(43,1,'MkKfXlpwFeviGDx9FQpD200Wca8QzXgLt8sBNMHC','127.0.0.1','2026-03-07',1,'21:06:33','2026-03-07 14:06:33','2026-03-07 14:06:33'),(44,1,'MkKfXlpwFeviGDx9FQpD200Wca8QzXgLt8sBNMHC','127.0.0.1','2026-03-07',1,'21:06:38','2026-03-07 14:06:38','2026-03-07 14:06:38'),(45,1,'MkKfXlpwFeviGDx9FQpD200Wca8QzXgLt8sBNMHC','127.0.0.1','2026-03-07',1,'21:06:43','2026-03-07 14:06:43','2026-03-07 14:06:43'),(46,1,'MkKfXlpwFeviGDx9FQpD200Wca8QzXgLt8sBNMHC','127.0.0.1','2026-03-07',1,'21:06:48','2026-03-07 14:06:48','2026-03-07 14:06:48'),(47,1,'MkKfXlpwFeviGDx9FQpD200Wca8QzXgLt8sBNMHC','127.0.0.1','2026-03-07',1,'21:06:53','2026-03-07 14:06:53','2026-03-07 14:06:53'),(48,1,'MkKfXlpwFeviGDx9FQpD200Wca8QzXgLt8sBNMHC','127.0.0.1','2026-03-07',1,'21:06:58','2026-03-07 14:06:58','2026-03-07 14:06:58'),(49,1,'MkKfXlpwFeviGDx9FQpD200Wca8QzXgLt8sBNMHC','127.0.0.1','2026-03-07',1,'21:07:03','2026-03-07 14:07:03','2026-03-07 14:07:03'),(50,1,'MkKfXlpwFeviGDx9FQpD200Wca8QzXgLt8sBNMHC','127.0.0.1','2026-03-07',1,'21:07:08','2026-03-07 14:07:08','2026-03-07 14:07:08'),(51,1,'MkKfXlpwFeviGDx9FQpD200Wca8QzXgLt8sBNMHC','127.0.0.1','2026-03-07',1,'21:07:13','2026-03-07 14:07:13','2026-03-07 14:07:13'),(52,1,'MkKfXlpwFeviGDx9FQpD200Wca8QzXgLt8sBNMHC','127.0.0.1','2026-03-07',1,'21:07:18','2026-03-07 14:07:18','2026-03-07 14:07:18'),(53,1,'MkKfXlpwFeviGDx9FQpD200Wca8QzXgLt8sBNMHC','127.0.0.1','2026-03-07',1,'21:07:23','2026-03-07 14:07:23','2026-03-07 14:07:23'),(54,1,'MkKfXlpwFeviGDx9FQpD200Wca8QzXgLt8sBNMHC','127.0.0.1','2026-03-07',1,'21:07:28','2026-03-07 14:07:28','2026-03-07 14:07:28'),(55,1,'MkKfXlpwFeviGDx9FQpD200Wca8QzXgLt8sBNMHC','127.0.0.1','2026-03-07',1,'21:07:33','2026-03-07 14:07:33','2026-03-07 14:07:33'),(56,1,'MkKfXlpwFeviGDx9FQpD200Wca8QzXgLt8sBNMHC','127.0.0.1','2026-03-07',1,'21:07:38','2026-03-07 14:07:38','2026-03-07 14:07:38'),(57,1,'MkKfXlpwFeviGDx9FQpD200Wca8QzXgLt8sBNMHC','127.0.0.1','2026-03-07',1,'21:07:43','2026-03-07 14:07:43','2026-03-07 14:07:43'),(58,1,'MkKfXlpwFeviGDx9FQpD200Wca8QzXgLt8sBNMHC','127.0.0.1','2026-03-07',1,'21:07:48','2026-03-07 14:07:48','2026-03-07 14:07:48'),(59,1,'MkKfXlpwFeviGDx9FQpD200Wca8QzXgLt8sBNMHC','127.0.0.1','2026-03-07',1,'21:07:53','2026-03-07 14:07:53','2026-03-07 14:07:53'),(60,1,'MkKfXlpwFeviGDx9FQpD200Wca8QzXgLt8sBNMHC','127.0.0.1','2026-03-07',1,'21:07:58','2026-03-07 14:07:58','2026-03-07 14:07:58'),(61,1,'MkKfXlpwFeviGDx9FQpD200Wca8QzXgLt8sBNMHC','127.0.0.1','2026-03-07',1,'21:08:03','2026-03-07 14:08:03','2026-03-07 14:08:03'),(62,1,'MkKfXlpwFeviGDx9FQpD200Wca8QzXgLt8sBNMHC','127.0.0.1','2026-03-07',1,'21:08:08','2026-03-07 14:08:08','2026-03-07 14:08:08'),(63,1,'MkKfXlpwFeviGDx9FQpD200Wca8QzXgLt8sBNMHC','127.0.0.1','2026-03-07',1,'21:08:13','2026-03-07 14:08:13','2026-03-07 14:08:13'),(64,1,'MkKfXlpwFeviGDx9FQpD200Wca8QzXgLt8sBNMHC','127.0.0.1','2026-03-07',1,'21:08:18','2026-03-07 14:08:18','2026-03-07 14:08:18'),(65,1,'MkKfXlpwFeviGDx9FQpD200Wca8QzXgLt8sBNMHC','127.0.0.1','2026-03-07',1,'21:08:23','2026-03-07 14:08:23','2026-03-07 14:08:23'),(66,1,'MkKfXlpwFeviGDx9FQpD200Wca8QzXgLt8sBNMHC','127.0.0.1','2026-03-07',1,'21:08:28','2026-03-07 14:08:28','2026-03-07 14:08:28'),(67,1,'MkKfXlpwFeviGDx9FQpD200Wca8QzXgLt8sBNMHC','127.0.0.1','2026-03-07',1,'21:08:33','2026-03-07 14:08:33','2026-03-07 14:08:33'),(68,1,'MkKfXlpwFeviGDx9FQpD200Wca8QzXgLt8sBNMHC','127.0.0.1','2026-03-07',1,'21:08:38','2026-03-07 14:08:38','2026-03-07 14:08:38'),(69,1,'MkKfXlpwFeviGDx9FQpD200Wca8QzXgLt8sBNMHC','127.0.0.1','2026-03-07',1,'21:08:43','2026-03-07 14:08:43','2026-03-07 14:08:43'),(70,1,'MkKfXlpwFeviGDx9FQpD200Wca8QzXgLt8sBNMHC','127.0.0.1','2026-03-07',1,'21:08:48','2026-03-07 14:08:48','2026-03-07 14:08:48'),(71,1,'MkKfXlpwFeviGDx9FQpD200Wca8QzXgLt8sBNMHC','127.0.0.1','2026-03-07',1,'21:08:53','2026-03-07 14:08:53','2026-03-07 14:08:53'),(72,1,'MkKfXlpwFeviGDx9FQpD200Wca8QzXgLt8sBNMHC','127.0.0.1','2026-03-07',1,'21:08:58','2026-03-07 14:08:58','2026-03-07 14:08:58'),(73,1,'MkKfXlpwFeviGDx9FQpD200Wca8QzXgLt8sBNMHC','127.0.0.1','2026-03-07',1,'21:09:03','2026-03-07 14:09:03','2026-03-07 14:09:03'),(74,1,'MkKfXlpwFeviGDx9FQpD200Wca8QzXgLt8sBNMHC','127.0.0.1','2026-03-07',1,'21:09:08','2026-03-07 14:09:08','2026-03-07 14:09:08'),(75,1,'MkKfXlpwFeviGDx9FQpD200Wca8QzXgLt8sBNMHC','127.0.0.1','2026-03-07',1,'21:09:13','2026-03-07 14:09:13','2026-03-07 14:09:13'),(76,1,'MkKfXlpwFeviGDx9FQpD200Wca8QzXgLt8sBNMHC','127.0.0.1','2026-03-07',1,'21:09:18','2026-03-07 14:09:18','2026-03-07 14:09:18'),(77,1,'MkKfXlpwFeviGDx9FQpD200Wca8QzXgLt8sBNMHC','127.0.0.1','2026-03-07',1,'21:09:23','2026-03-07 14:09:23','2026-03-07 14:09:23'),(78,1,'MkKfXlpwFeviGDx9FQpD200Wca8QzXgLt8sBNMHC','127.0.0.1','2026-03-07',1,'21:09:28','2026-03-07 14:09:28','2026-03-07 14:09:28'),(79,1,'MkKfXlpwFeviGDx9FQpD200Wca8QzXgLt8sBNMHC','127.0.0.1','2026-03-07',1,'21:09:33','2026-03-07 14:09:33','2026-03-07 14:09:33'),(80,1,'MkKfXlpwFeviGDx9FQpD200Wca8QzXgLt8sBNMHC','127.0.0.1','2026-03-07',1,'21:09:38','2026-03-07 14:09:38','2026-03-07 14:09:38'),(81,1,'MkKfXlpwFeviGDx9FQpD200Wca8QzXgLt8sBNMHC','127.0.0.1','2026-03-07',1,'21:09:43','2026-03-07 14:09:43','2026-03-07 14:09:43'),(82,1,'MkKfXlpwFeviGDx9FQpD200Wca8QzXgLt8sBNMHC','127.0.0.1','2026-03-07',1,'21:09:48','2026-03-07 14:09:48','2026-03-07 14:09:48'),(83,1,'MkKfXlpwFeviGDx9FQpD200Wca8QzXgLt8sBNMHC','127.0.0.1','2026-03-07',1,'21:09:53','2026-03-07 14:09:53','2026-03-07 14:09:53'),(84,1,'MkKfXlpwFeviGDx9FQpD200Wca8QzXgLt8sBNMHC','127.0.0.1','2026-03-07',1,'21:09:58','2026-03-07 14:09:58','2026-03-07 14:09:58'),(85,1,'MkKfXlpwFeviGDx9FQpD200Wca8QzXgLt8sBNMHC','127.0.0.1','2026-03-07',1,'21:10:03','2026-03-07 14:10:03','2026-03-07 14:10:03'),(86,1,'MkKfXlpwFeviGDx9FQpD200Wca8QzXgLt8sBNMHC','127.0.0.1','2026-03-07',1,'21:10:08','2026-03-07 14:10:08','2026-03-07 14:10:08'),(87,1,'MkKfXlpwFeviGDx9FQpD200Wca8QzXgLt8sBNMHC','127.0.0.1','2026-03-07',1,'21:10:13','2026-03-07 14:10:13','2026-03-07 14:10:13'),(88,1,'MkKfXlpwFeviGDx9FQpD200Wca8QzXgLt8sBNMHC','127.0.0.1','2026-03-07',1,'21:10:18','2026-03-07 14:10:18','2026-03-07 14:10:18'),(89,1,'MkKfXlpwFeviGDx9FQpD200Wca8QzXgLt8sBNMHC','127.0.0.1','2026-03-07',1,'21:10:23','2026-03-07 14:10:23','2026-03-07 14:10:23'),(90,1,'MkKfXlpwFeviGDx9FQpD200Wca8QzXgLt8sBNMHC','127.0.0.1','2026-03-07',1,'21:10:28','2026-03-07 14:10:28','2026-03-07 14:10:28'),(91,1,'MkKfXlpwFeviGDx9FQpD200Wca8QzXgLt8sBNMHC','127.0.0.1','2026-03-07',1,'21:10:33','2026-03-07 14:10:33','2026-03-07 14:10:33'),(92,1,'MkKfXlpwFeviGDx9FQpD200Wca8QzXgLt8sBNMHC','127.0.0.1','2026-03-07',1,'21:10:38','2026-03-07 14:10:38','2026-03-07 14:10:38'),(93,1,'MkKfXlpwFeviGDx9FQpD200Wca8QzXgLt8sBNMHC','127.0.0.1','2026-03-07',1,'21:10:43','2026-03-07 14:10:43','2026-03-07 14:10:43'),(94,1,'MkKfXlpwFeviGDx9FQpD200Wca8QzXgLt8sBNMHC','127.0.0.1','2026-03-07',1,'21:10:48','2026-03-07 14:10:48','2026-03-07 14:10:48'),(95,1,'MkKfXlpwFeviGDx9FQpD200Wca8QzXgLt8sBNMHC','127.0.0.1','2026-03-07',1,'21:10:53','2026-03-07 14:10:53','2026-03-07 14:10:53'),(96,1,'MkKfXlpwFeviGDx9FQpD200Wca8QzXgLt8sBNMHC','127.0.0.1','2026-03-07',1,'21:10:58','2026-03-07 14:10:58','2026-03-07 14:10:58'),(97,1,'MkKfXlpwFeviGDx9FQpD200Wca8QzXgLt8sBNMHC','127.0.0.1','2026-03-07',1,'21:11:03','2026-03-07 14:11:03','2026-03-07 14:11:03'),(98,1,'MkKfXlpwFeviGDx9FQpD200Wca8QzXgLt8sBNMHC','127.0.0.1','2026-03-07',1,'21:11:08','2026-03-07 14:11:08','2026-03-07 14:11:08'),(99,1,'MkKfXlpwFeviGDx9FQpD200Wca8QzXgLt8sBNMHC','127.0.0.1','2026-03-07',1,'21:11:13','2026-03-07 14:11:13','2026-03-07 14:11:13'),(100,1,'MkKfXlpwFeviGDx9FQpD200Wca8QzXgLt8sBNMHC','127.0.0.1','2026-03-07',1,'21:11:18','2026-03-07 14:11:18','2026-03-07 14:11:18'),(101,1,'MkKfXlpwFeviGDx9FQpD200Wca8QzXgLt8sBNMHC','127.0.0.1','2026-03-07',1,'21:11:23','2026-03-07 14:11:23','2026-03-07 14:11:23'),(102,1,'MkKfXlpwFeviGDx9FQpD200Wca8QzXgLt8sBNMHC','127.0.0.1','2026-03-07',1,'21:11:28','2026-03-07 14:11:28','2026-03-07 14:11:28'),(103,1,'MkKfXlpwFeviGDx9FQpD200Wca8QzXgLt8sBNMHC','127.0.0.1','2026-03-07',1,'21:11:33','2026-03-07 14:11:33','2026-03-07 14:11:33'),(104,1,'MkKfXlpwFeviGDx9FQpD200Wca8QzXgLt8sBNMHC','127.0.0.1','2026-03-07',1,'21:11:38','2026-03-07 14:11:38','2026-03-07 14:11:38'),(105,1,'MkKfXlpwFeviGDx9FQpD200Wca8QzXgLt8sBNMHC','127.0.0.1','2026-03-07',1,'21:11:43','2026-03-07 14:11:43','2026-03-07 14:11:43'),(106,1,'MkKfXlpwFeviGDx9FQpD200Wca8QzXgLt8sBNMHC','127.0.0.1','2026-03-07',1,'21:11:48','2026-03-07 14:11:48','2026-03-07 14:11:48'),(107,1,'MkKfXlpwFeviGDx9FQpD200Wca8QzXgLt8sBNMHC','127.0.0.1','2026-03-07',1,'21:11:53','2026-03-07 14:11:53','2026-03-07 14:11:53'),(108,1,'MkKfXlpwFeviGDx9FQpD200Wca8QzXgLt8sBNMHC','127.0.0.1','2026-03-07',1,'21:11:58','2026-03-07 14:11:58','2026-03-07 14:11:58'),(109,1,'MkKfXlpwFeviGDx9FQpD200Wca8QzXgLt8sBNMHC','127.0.0.1','2026-03-07',1,'21:12:03','2026-03-07 14:12:03','2026-03-07 14:12:03'),(110,1,'MkKfXlpwFeviGDx9FQpD200Wca8QzXgLt8sBNMHC','127.0.0.1','2026-03-07',1,'21:12:08','2026-03-07 14:12:08','2026-03-07 14:12:08'),(111,1,'MkKfXlpwFeviGDx9FQpD200Wca8QzXgLt8sBNMHC','127.0.0.1','2026-03-07',1,'21:12:13','2026-03-07 14:12:13','2026-03-07 14:12:13'),(112,1,'MkKfXlpwFeviGDx9FQpD200Wca8QzXgLt8sBNMHC','127.0.0.1','2026-03-07',1,'21:12:18','2026-03-07 14:12:18','2026-03-07 14:12:18'),(113,1,'MkKfXlpwFeviGDx9FQpD200Wca8QzXgLt8sBNMHC','127.0.0.1','2026-03-07',1,'21:12:23','2026-03-07 14:12:23','2026-03-07 14:12:23'),(114,1,'MkKfXlpwFeviGDx9FQpD200Wca8QzXgLt8sBNMHC','127.0.0.1','2026-03-07',1,'21:12:28','2026-03-07 14:12:28','2026-03-07 14:12:28'),(115,1,'MkKfXlpwFeviGDx9FQpD200Wca8QzXgLt8sBNMHC','127.0.0.1','2026-03-07',1,'21:12:33','2026-03-07 14:12:33','2026-03-07 14:12:33'),(116,1,'MkKfXlpwFeviGDx9FQpD200Wca8QzXgLt8sBNMHC','127.0.0.1','2026-03-07',1,'21:12:38','2026-03-07 14:12:38','2026-03-07 14:12:38'),(117,1,'MkKfXlpwFeviGDx9FQpD200Wca8QzXgLt8sBNMHC','127.0.0.1','2026-03-07',1,'21:12:43','2026-03-07 14:12:43','2026-03-07 14:12:43'),(118,1,'MkKfXlpwFeviGDx9FQpD200Wca8QzXgLt8sBNMHC','127.0.0.1','2026-03-07',1,'21:12:48','2026-03-07 14:12:48','2026-03-07 14:12:48'),(119,1,'MkKfXlpwFeviGDx9FQpD200Wca8QzXgLt8sBNMHC','127.0.0.1','2026-03-07',1,'21:12:53','2026-03-07 14:12:53','2026-03-07 14:12:53'),(120,1,'MkKfXlpwFeviGDx9FQpD200Wca8QzXgLt8sBNMHC','127.0.0.1','2026-03-07',1,'21:12:58','2026-03-07 14:12:58','2026-03-07 14:12:58'),(121,1,'MkKfXlpwFeviGDx9FQpD200Wca8QzXgLt8sBNMHC','127.0.0.1','2026-03-07',1,'21:13:03','2026-03-07 14:13:03','2026-03-07 14:13:03'),(122,1,'MkKfXlpwFeviGDx9FQpD200Wca8QzXgLt8sBNMHC','127.0.0.1','2026-03-07',1,'21:13:08','2026-03-07 14:13:08','2026-03-07 14:13:08'),(123,1,'MkKfXlpwFeviGDx9FQpD200Wca8QzXgLt8sBNMHC','127.0.0.1','2026-03-07',1,'21:13:13','2026-03-07 14:13:13','2026-03-07 14:13:13'),(124,1,'MkKfXlpwFeviGDx9FQpD200Wca8QzXgLt8sBNMHC','127.0.0.1','2026-03-07',1,'21:13:18','2026-03-07 14:13:18','2026-03-07 14:13:18'),(125,1,'MkKfXlpwFeviGDx9FQpD200Wca8QzXgLt8sBNMHC','127.0.0.1','2026-03-07',1,'21:13:23','2026-03-07 14:13:23','2026-03-07 14:13:23'),(126,1,'MkKfXlpwFeviGDx9FQpD200Wca8QzXgLt8sBNMHC','127.0.0.1','2026-03-07',1,'21:13:28','2026-03-07 14:13:28','2026-03-07 14:13:28'),(127,1,'MkKfXlpwFeviGDx9FQpD200Wca8QzXgLt8sBNMHC','127.0.0.1','2026-03-07',1,'21:13:33','2026-03-07 14:13:33','2026-03-07 14:13:33'),(128,1,'MkKfXlpwFeviGDx9FQpD200Wca8QzXgLt8sBNMHC','127.0.0.1','2026-03-07',1,'21:13:38','2026-03-07 14:13:38','2026-03-07 14:13:38'),(129,1,'MkKfXlpwFeviGDx9FQpD200Wca8QzXgLt8sBNMHC','127.0.0.1','2026-03-07',1,'21:13:43','2026-03-07 14:13:43','2026-03-07 14:13:43'),(130,1,'MkKfXlpwFeviGDx9FQpD200Wca8QzXgLt8sBNMHC','127.0.0.1','2026-03-07',1,'21:13:48','2026-03-07 14:13:48','2026-03-07 14:13:48'),(131,1,'MkKfXlpwFeviGDx9FQpD200Wca8QzXgLt8sBNMHC','127.0.0.1','2026-03-07',1,'21:13:53','2026-03-07 14:13:53','2026-03-07 14:13:53'),(132,1,'MkKfXlpwFeviGDx9FQpD200Wca8QzXgLt8sBNMHC','127.0.0.1','2026-03-07',1,'21:13:58','2026-03-07 14:13:58','2026-03-07 14:13:58'),(133,1,'MkKfXlpwFeviGDx9FQpD200Wca8QzXgLt8sBNMHC','127.0.0.1','2026-03-07',1,'21:14:03','2026-03-07 14:14:03','2026-03-07 14:14:03'),(134,1,'MkKfXlpwFeviGDx9FQpD200Wca8QzXgLt8sBNMHC','127.0.0.1','2026-03-07',1,'21:14:08','2026-03-07 14:14:08','2026-03-07 14:14:08'),(135,1,'MkKfXlpwFeviGDx9FQpD200Wca8QzXgLt8sBNMHC','127.0.0.1','2026-03-07',1,'21:14:13','2026-03-07 14:14:13','2026-03-07 14:14:13'),(136,1,'MkKfXlpwFeviGDx9FQpD200Wca8QzXgLt8sBNMHC','127.0.0.1','2026-03-07',1,'21:14:18','2026-03-07 14:14:18','2026-03-07 14:14:18'),(137,1,'MkKfXlpwFeviGDx9FQpD200Wca8QzXgLt8sBNMHC','127.0.0.1','2026-03-07',1,'21:14:23','2026-03-07 14:14:23','2026-03-07 14:14:23'),(138,1,'MkKfXlpwFeviGDx9FQpD200Wca8QzXgLt8sBNMHC','127.0.0.1','2026-03-07',1,'21:14:28','2026-03-07 14:14:28','2026-03-07 14:14:28'),(139,1,'MkKfXlpwFeviGDx9FQpD200Wca8QzXgLt8sBNMHC','127.0.0.1','2026-03-07',1,'21:14:33','2026-03-07 14:14:33','2026-03-07 14:14:33'),(140,1,'MkKfXlpwFeviGDx9FQpD200Wca8QzXgLt8sBNMHC','127.0.0.1','2026-03-07',1,'21:14:38','2026-03-07 14:14:38','2026-03-07 14:14:38'),(141,1,'MkKfXlpwFeviGDx9FQpD200Wca8QzXgLt8sBNMHC','127.0.0.1','2026-03-07',1,'21:14:43','2026-03-07 14:14:43','2026-03-07 14:14:43'),(142,1,'MkKfXlpwFeviGDx9FQpD200Wca8QzXgLt8sBNMHC','127.0.0.1','2026-03-07',1,'21:14:48','2026-03-07 14:14:48','2026-03-07 14:14:48'),(143,1,'MkKfXlpwFeviGDx9FQpD200Wca8QzXgLt8sBNMHC','127.0.0.1','2026-03-07',1,'21:14:53','2026-03-07 14:14:53','2026-03-07 14:14:53'),(144,1,'MkKfXlpwFeviGDx9FQpD200Wca8QzXgLt8sBNMHC','127.0.0.1','2026-03-07',1,'21:14:58','2026-03-07 14:14:58','2026-03-07 14:14:58'),(145,1,'MkKfXlpwFeviGDx9FQpD200Wca8QzXgLt8sBNMHC','127.0.0.1','2026-03-07',1,'21:15:03','2026-03-07 14:15:03','2026-03-07 14:15:03'),(146,1,'MkKfXlpwFeviGDx9FQpD200Wca8QzXgLt8sBNMHC','127.0.0.1','2026-03-07',1,'21:15:08','2026-03-07 14:15:08','2026-03-07 14:15:08'),(147,1,'MkKfXlpwFeviGDx9FQpD200Wca8QzXgLt8sBNMHC','127.0.0.1','2026-03-07',1,'21:15:13','2026-03-07 14:15:13','2026-03-07 14:15:13'),(148,1,'MkKfXlpwFeviGDx9FQpD200Wca8QzXgLt8sBNMHC','127.0.0.1','2026-03-07',1,'21:15:18','2026-03-07 14:15:18','2026-03-07 14:15:18'),(149,1,'MkKfXlpwFeviGDx9FQpD200Wca8QzXgLt8sBNMHC','127.0.0.1','2026-03-07',1,'21:15:23','2026-03-07 14:15:23','2026-03-07 14:15:23'),(150,1,'MkKfXlpwFeviGDx9FQpD200Wca8QzXgLt8sBNMHC','127.0.0.1','2026-03-07',1,'21:15:28','2026-03-07 14:15:28','2026-03-07 14:15:28'),(151,1,'MkKfXlpwFeviGDx9FQpD200Wca8QzXgLt8sBNMHC','127.0.0.1','2026-03-07',1,'21:15:33','2026-03-07 14:15:33','2026-03-07 14:15:33'),(152,1,'MkKfXlpwFeviGDx9FQpD200Wca8QzXgLt8sBNMHC','127.0.0.1','2026-03-07',1,'21:15:38','2026-03-07 14:15:38','2026-03-07 14:15:38'),(153,1,'MkKfXlpwFeviGDx9FQpD200Wca8QzXgLt8sBNMHC','127.0.0.1','2026-03-07',1,'21:15:43','2026-03-07 14:15:43','2026-03-07 14:15:43'),(154,1,'MkKfXlpwFeviGDx9FQpD200Wca8QzXgLt8sBNMHC','127.0.0.1','2026-03-07',1,'21:15:48','2026-03-07 14:15:48','2026-03-07 14:15:48'),(155,1,'MkKfXlpwFeviGDx9FQpD200Wca8QzXgLt8sBNMHC','127.0.0.1','2026-03-07',1,'21:15:53','2026-03-07 14:15:53','2026-03-07 14:15:53'),(156,1,'MkKfXlpwFeviGDx9FQpD200Wca8QzXgLt8sBNMHC','127.0.0.1','2026-03-07',1,'21:15:58','2026-03-07 14:15:58','2026-03-07 14:15:58'),(157,1,'MkKfXlpwFeviGDx9FQpD200Wca8QzXgLt8sBNMHC','127.0.0.1','2026-03-07',1,'21:16:03','2026-03-07 14:16:03','2026-03-07 14:16:03'),(158,1,'MkKfXlpwFeviGDx9FQpD200Wca8QzXgLt8sBNMHC','127.0.0.1','2026-03-07',1,'21:16:08','2026-03-07 14:16:08','2026-03-07 14:16:08'),(159,1,'MkKfXlpwFeviGDx9FQpD200Wca8QzXgLt8sBNMHC','127.0.0.1','2026-03-07',1,'21:16:13','2026-03-07 14:16:13','2026-03-07 14:16:13'),(160,1,'MkKfXlpwFeviGDx9FQpD200Wca8QzXgLt8sBNMHC','127.0.0.1','2026-03-07',1,'21:16:18','2026-03-07 14:16:18','2026-03-07 14:16:18'),(161,1,'MkKfXlpwFeviGDx9FQpD200Wca8QzXgLt8sBNMHC','127.0.0.1','2026-03-07',1,'21:16:23','2026-03-07 14:16:23','2026-03-07 14:16:23'),(162,1,'MkKfXlpwFeviGDx9FQpD200Wca8QzXgLt8sBNMHC','127.0.0.1','2026-03-07',1,'21:16:28','2026-03-07 14:16:28','2026-03-07 14:16:28'),(163,1,'MkKfXlpwFeviGDx9FQpD200Wca8QzXgLt8sBNMHC','127.0.0.1','2026-03-07',1,'21:16:33','2026-03-07 14:16:33','2026-03-07 14:16:33'),(164,1,'MkKfXlpwFeviGDx9FQpD200Wca8QzXgLt8sBNMHC','127.0.0.1','2026-03-07',1,'21:16:38','2026-03-07 14:16:38','2026-03-07 14:16:38'),(165,1,'MkKfXlpwFeviGDx9FQpD200Wca8QzXgLt8sBNMHC','127.0.0.1','2026-03-07',1,'21:16:43','2026-03-07 14:16:43','2026-03-07 14:16:43'),(166,1,'MkKfXlpwFeviGDx9FQpD200Wca8QzXgLt8sBNMHC','127.0.0.1','2026-03-07',1,'21:16:48','2026-03-07 14:16:48','2026-03-07 14:16:48'),(167,1,'MkKfXlpwFeviGDx9FQpD200Wca8QzXgLt8sBNMHC','127.0.0.1','2026-03-07',1,'21:16:53','2026-03-07 14:16:53','2026-03-07 14:16:53'),(168,1,'MkKfXlpwFeviGDx9FQpD200Wca8QzXgLt8sBNMHC','127.0.0.1','2026-03-07',1,'21:16:58','2026-03-07 14:16:58','2026-03-07 14:16:58'),(169,1,'MkKfXlpwFeviGDx9FQpD200Wca8QzXgLt8sBNMHC','127.0.0.1','2026-03-07',1,'21:17:03','2026-03-07 14:17:03','2026-03-07 14:17:03'),(170,1,'MkKfXlpwFeviGDx9FQpD200Wca8QzXgLt8sBNMHC','127.0.0.1','2026-03-07',1,'21:17:08','2026-03-07 14:17:08','2026-03-07 14:17:08'),(171,1,'MkKfXlpwFeviGDx9FQpD200Wca8QzXgLt8sBNMHC','127.0.0.1','2026-03-07',1,'21:17:13','2026-03-07 14:17:13','2026-03-07 14:17:13'),(172,1,'MkKfXlpwFeviGDx9FQpD200Wca8QzXgLt8sBNMHC','127.0.0.1','2026-03-07',1,'21:17:18','2026-03-07 14:17:18','2026-03-07 14:17:18'),(173,1,'MkKfXlpwFeviGDx9FQpD200Wca8QzXgLt8sBNMHC','127.0.0.1','2026-03-07',1,'21:17:23','2026-03-07 14:17:23','2026-03-07 14:17:23'),(174,1,'MkKfXlpwFeviGDx9FQpD200Wca8QzXgLt8sBNMHC','127.0.0.1','2026-03-07',1,'21:17:28','2026-03-07 14:17:28','2026-03-07 14:17:28'),(175,1,'MkKfXlpwFeviGDx9FQpD200Wca8QzXgLt8sBNMHC','127.0.0.1','2026-03-07',1,'21:17:33','2026-03-07 14:17:33','2026-03-07 14:17:33'),(176,1,'MkKfXlpwFeviGDx9FQpD200Wca8QzXgLt8sBNMHC','127.0.0.1','2026-03-07',1,'21:17:38','2026-03-07 14:17:38','2026-03-07 14:17:38'),(177,1,'MkKfXlpwFeviGDx9FQpD200Wca8QzXgLt8sBNMHC','127.0.0.1','2026-03-07',1,'21:17:43','2026-03-07 14:17:43','2026-03-07 14:17:43'),(178,1,'MkKfXlpwFeviGDx9FQpD200Wca8QzXgLt8sBNMHC','127.0.0.1','2026-03-07',1,'21:17:48','2026-03-07 14:17:48','2026-03-07 14:17:48'),(179,1,'MkKfXlpwFeviGDx9FQpD200Wca8QzXgLt8sBNMHC','127.0.0.1','2026-03-07',1,'21:17:53','2026-03-07 14:17:53','2026-03-07 14:17:53'),(180,1,'MkKfXlpwFeviGDx9FQpD200Wca8QzXgLt8sBNMHC','127.0.0.1','2026-03-07',1,'21:17:58','2026-03-07 14:17:58','2026-03-07 14:17:58'),(181,1,'MkKfXlpwFeviGDx9FQpD200Wca8QzXgLt8sBNMHC','127.0.0.1','2026-03-07',1,'21:18:03','2026-03-07 14:18:03','2026-03-07 14:18:03'),(182,1,'MkKfXlpwFeviGDx9FQpD200Wca8QzXgLt8sBNMHC','127.0.0.1','2026-03-07',1,'21:18:08','2026-03-07 14:18:08','2026-03-07 14:18:08'),(183,1,'MkKfXlpwFeviGDx9FQpD200Wca8QzXgLt8sBNMHC','127.0.0.1','2026-03-07',1,'21:18:13','2026-03-07 14:18:13','2026-03-07 14:18:13'),(184,1,'MkKfXlpwFeviGDx9FQpD200Wca8QzXgLt8sBNMHC','127.0.0.1','2026-03-07',1,'21:18:18','2026-03-07 14:18:18','2026-03-07 14:18:18'),(185,1,'MkKfXlpwFeviGDx9FQpD200Wca8QzXgLt8sBNMHC','127.0.0.1','2026-03-07',1,'21:18:23','2026-03-07 14:18:23','2026-03-07 14:18:23'),(186,1,'MkKfXlpwFeviGDx9FQpD200Wca8QzXgLt8sBNMHC','127.0.0.1','2026-03-07',1,'21:18:28','2026-03-07 14:18:28','2026-03-07 14:18:28'),(187,1,'MkKfXlpwFeviGDx9FQpD200Wca8QzXgLt8sBNMHC','127.0.0.1','2026-03-07',1,'21:18:33','2026-03-07 14:18:33','2026-03-07 14:18:33'),(188,1,'MkKfXlpwFeviGDx9FQpD200Wca8QzXgLt8sBNMHC','127.0.0.1','2026-03-07',1,'21:18:38','2026-03-07 14:18:38','2026-03-07 14:18:38'),(189,1,'MkKfXlpwFeviGDx9FQpD200Wca8QzXgLt8sBNMHC','127.0.0.1','2026-03-07',1,'21:18:43','2026-03-07 14:18:43','2026-03-07 14:18:43'),(190,1,'MkKfXlpwFeviGDx9FQpD200Wca8QzXgLt8sBNMHC','127.0.0.1','2026-03-07',1,'21:18:48','2026-03-07 14:18:48','2026-03-07 14:18:48'),(191,1,'MkKfXlpwFeviGDx9FQpD200Wca8QzXgLt8sBNMHC','127.0.0.1','2026-03-07',1,'21:18:53','2026-03-07 14:18:53','2026-03-07 14:18:53'),(192,1,'MkKfXlpwFeviGDx9FQpD200Wca8QzXgLt8sBNMHC','127.0.0.1','2026-03-07',1,'21:18:58','2026-03-07 14:18:58','2026-03-07 14:18:58'),(193,1,'MkKfXlpwFeviGDx9FQpD200Wca8QzXgLt8sBNMHC','127.0.0.1','2026-03-07',1,'21:19:03','2026-03-07 14:19:03','2026-03-07 14:19:03'),(194,1,'MkKfXlpwFeviGDx9FQpD200Wca8QzXgLt8sBNMHC','127.0.0.1','2026-03-07',1,'21:19:08','2026-03-07 14:19:08','2026-03-07 14:19:08'),(195,1,'MkKfXlpwFeviGDx9FQpD200Wca8QzXgLt8sBNMHC','127.0.0.1','2026-03-07',1,'21:19:13','2026-03-07 14:19:13','2026-03-07 14:19:13'),(196,1,'MkKfXlpwFeviGDx9FQpD200Wca8QzXgLt8sBNMHC','127.0.0.1','2026-03-07',1,'21:19:18','2026-03-07 14:19:18','2026-03-07 14:19:18'),(197,1,'MkKfXlpwFeviGDx9FQpD200Wca8QzXgLt8sBNMHC','127.0.0.1','2026-03-07',1,'21:19:23','2026-03-07 14:19:23','2026-03-07 14:19:23'),(198,1,'MkKfXlpwFeviGDx9FQpD200Wca8QzXgLt8sBNMHC','127.0.0.1','2026-03-07',1,'21:19:28','2026-03-07 14:19:28','2026-03-07 14:19:28'),(199,1,'MkKfXlpwFeviGDx9FQpD200Wca8QzXgLt8sBNMHC','127.0.0.1','2026-03-07',1,'21:19:33','2026-03-07 14:19:33','2026-03-07 14:19:33'),(200,1,'MkKfXlpwFeviGDx9FQpD200Wca8QzXgLt8sBNMHC','127.0.0.1','2026-03-07',1,'21:19:38','2026-03-07 14:19:38','2026-03-07 14:19:38'),(201,1,'MkKfXlpwFeviGDx9FQpD200Wca8QzXgLt8sBNMHC','127.0.0.1','2026-03-07',1,'21:19:43','2026-03-07 14:19:43','2026-03-07 14:19:43'),(202,1,'MkKfXlpwFeviGDx9FQpD200Wca8QzXgLt8sBNMHC','127.0.0.1','2026-03-07',1,'21:19:48','2026-03-07 14:19:48','2026-03-07 14:19:48'),(203,1,'MkKfXlpwFeviGDx9FQpD200Wca8QzXgLt8sBNMHC','127.0.0.1','2026-03-07',1,'21:19:53','2026-03-07 14:19:53','2026-03-07 14:19:53'),(204,1,'MkKfXlpwFeviGDx9FQpD200Wca8QzXgLt8sBNMHC','127.0.0.1','2026-03-07',1,'21:19:58','2026-03-07 14:19:58','2026-03-07 14:19:58'),(205,1,'MkKfXlpwFeviGDx9FQpD200Wca8QzXgLt8sBNMHC','127.0.0.1','2026-03-07',1,'21:20:03','2026-03-07 14:20:03','2026-03-07 14:20:03'),(206,1,'MkKfXlpwFeviGDx9FQpD200Wca8QzXgLt8sBNMHC','127.0.0.1','2026-03-07',1,'21:20:08','2026-03-07 14:20:08','2026-03-07 14:20:08'),(207,1,'MkKfXlpwFeviGDx9FQpD200Wca8QzXgLt8sBNMHC','127.0.0.1','2026-03-07',1,'21:20:13','2026-03-07 14:20:13','2026-03-07 14:20:13'),(208,1,'MkKfXlpwFeviGDx9FQpD200Wca8QzXgLt8sBNMHC','127.0.0.1','2026-03-07',1,'21:20:18','2026-03-07 14:20:18','2026-03-07 14:20:18'),(209,1,'MkKfXlpwFeviGDx9FQpD200Wca8QzXgLt8sBNMHC','127.0.0.1','2026-03-07',1,'21:20:23','2026-03-07 14:20:23','2026-03-07 14:20:23'),(210,1,'MkKfXlpwFeviGDx9FQpD200Wca8QzXgLt8sBNMHC','127.0.0.1','2026-03-07',1,'21:20:28','2026-03-07 14:20:28','2026-03-07 14:20:28'),(211,1,'MkKfXlpwFeviGDx9FQpD200Wca8QzXgLt8sBNMHC','127.0.0.1','2026-03-07',1,'21:20:33','2026-03-07 14:20:33','2026-03-07 14:20:33'),(212,1,'MkKfXlpwFeviGDx9FQpD200Wca8QzXgLt8sBNMHC','127.0.0.1','2026-03-07',1,'21:20:38','2026-03-07 14:20:38','2026-03-07 14:20:38'),(213,1,'MkKfXlpwFeviGDx9FQpD200Wca8QzXgLt8sBNMHC','127.0.0.1','2026-03-07',1,'21:20:43','2026-03-07 14:20:43','2026-03-07 14:20:43'),(214,1,'MkKfXlpwFeviGDx9FQpD200Wca8QzXgLt8sBNMHC','127.0.0.1','2026-03-07',1,'21:20:48','2026-03-07 14:20:48','2026-03-07 14:20:48'),(215,1,'MkKfXlpwFeviGDx9FQpD200Wca8QzXgLt8sBNMHC','127.0.0.1','2026-03-07',1,'21:20:53','2026-03-07 14:20:53','2026-03-07 14:20:53'),(216,1,'MkKfXlpwFeviGDx9FQpD200Wca8QzXgLt8sBNMHC','127.0.0.1','2026-03-07',1,'21:20:58','2026-03-07 14:20:58','2026-03-07 14:20:58'),(217,1,'MkKfXlpwFeviGDx9FQpD200Wca8QzXgLt8sBNMHC','127.0.0.1','2026-03-07',1,'21:21:03','2026-03-07 14:21:03','2026-03-07 14:21:03'),(218,1,'MkKfXlpwFeviGDx9FQpD200Wca8QzXgLt8sBNMHC','127.0.0.1','2026-03-07',1,'21:21:08','2026-03-07 14:21:08','2026-03-07 14:21:08'),(219,1,'MkKfXlpwFeviGDx9FQpD200Wca8QzXgLt8sBNMHC','127.0.0.1','2026-03-07',1,'21:21:13','2026-03-07 14:21:13','2026-03-07 14:21:13'),(220,1,'MkKfXlpwFeviGDx9FQpD200Wca8QzXgLt8sBNMHC','127.0.0.1','2026-03-07',1,'21:21:18','2026-03-07 14:21:18','2026-03-07 14:21:18'),(221,1,'MkKfXlpwFeviGDx9FQpD200Wca8QzXgLt8sBNMHC','127.0.0.1','2026-03-07',1,'21:21:23','2026-03-07 14:21:23','2026-03-07 14:21:23'),(222,1,'MkKfXlpwFeviGDx9FQpD200Wca8QzXgLt8sBNMHC','127.0.0.1','2026-03-07',1,'21:21:28','2026-03-07 14:21:28','2026-03-07 14:21:28'),(223,1,'MkKfXlpwFeviGDx9FQpD200Wca8QzXgLt8sBNMHC','127.0.0.1','2026-03-07',1,'21:21:33','2026-03-07 14:21:33','2026-03-07 14:21:33'),(224,1,'MkKfXlpwFeviGDx9FQpD200Wca8QzXgLt8sBNMHC','127.0.0.1','2026-03-07',1,'21:21:38','2026-03-07 14:21:38','2026-03-07 14:21:38'),(225,1,'MkKfXlpwFeviGDx9FQpD200Wca8QzXgLt8sBNMHC','127.0.0.1','2026-03-07',1,'21:21:43','2026-03-07 14:21:43','2026-03-07 14:21:43'),(226,1,'MkKfXlpwFeviGDx9FQpD200Wca8QzXgLt8sBNMHC','127.0.0.1','2026-03-07',1,'21:21:48','2026-03-07 14:21:48','2026-03-07 14:21:48'),(227,1,'MkKfXlpwFeviGDx9FQpD200Wca8QzXgLt8sBNMHC','127.0.0.1','2026-03-07',1,'21:21:53','2026-03-07 14:21:53','2026-03-07 14:21:53'),(228,1,'MkKfXlpwFeviGDx9FQpD200Wca8QzXgLt8sBNMHC','127.0.0.1','2026-03-07',1,'21:21:58','2026-03-07 14:21:58','2026-03-07 14:21:58'),(229,1,'MkKfXlpwFeviGDx9FQpD200Wca8QzXgLt8sBNMHC','127.0.0.1','2026-03-07',1,'21:22:03','2026-03-07 14:22:03','2026-03-07 14:22:03'),(230,1,'MkKfXlpwFeviGDx9FQpD200Wca8QzXgLt8sBNMHC','127.0.0.1','2026-03-07',1,'21:22:08','2026-03-07 14:22:08','2026-03-07 14:22:08'),(231,1,'MkKfXlpwFeviGDx9FQpD200Wca8QzXgLt8sBNMHC','127.0.0.1','2026-03-07',1,'21:22:13','2026-03-07 14:22:13','2026-03-07 14:22:13'),(232,1,'MkKfXlpwFeviGDx9FQpD200Wca8QzXgLt8sBNMHC','127.0.0.1','2026-03-07',1,'21:22:18','2026-03-07 14:22:18','2026-03-07 14:22:18'),(233,1,'MkKfXlpwFeviGDx9FQpD200Wca8QzXgLt8sBNMHC','127.0.0.1','2026-03-07',1,'21:22:23','2026-03-07 14:22:23','2026-03-07 14:22:23'),(234,1,'MkKfXlpwFeviGDx9FQpD200Wca8QzXgLt8sBNMHC','127.0.0.1','2026-03-07',1,'21:22:28','2026-03-07 14:22:28','2026-03-07 14:22:28'),(235,1,'MkKfXlpwFeviGDx9FQpD200Wca8QzXgLt8sBNMHC','127.0.0.1','2026-03-07',1,'21:22:33','2026-03-07 14:22:33','2026-03-07 14:22:33'),(236,1,'MkKfXlpwFeviGDx9FQpD200Wca8QzXgLt8sBNMHC','127.0.0.1','2026-03-07',1,'21:22:38','2026-03-07 14:22:38','2026-03-07 14:22:38'),(237,1,'MkKfXlpwFeviGDx9FQpD200Wca8QzXgLt8sBNMHC','127.0.0.1','2026-03-07',1,'21:22:43','2026-03-07 14:22:43','2026-03-07 14:22:43'),(238,1,'MkKfXlpwFeviGDx9FQpD200Wca8QzXgLt8sBNMHC','127.0.0.1','2026-03-07',1,'21:22:48','2026-03-07 14:22:48','2026-03-07 14:22:48'),(239,1,'MkKfXlpwFeviGDx9FQpD200Wca8QzXgLt8sBNMHC','127.0.0.1','2026-03-07',1,'21:22:53','2026-03-07 14:22:53','2026-03-07 14:22:53'),(240,1,'MkKfXlpwFeviGDx9FQpD200Wca8QzXgLt8sBNMHC','127.0.0.1','2026-03-07',1,'21:22:58','2026-03-07 14:22:58','2026-03-07 14:22:58'),(241,1,'MkKfXlpwFeviGDx9FQpD200Wca8QzXgLt8sBNMHC','127.0.0.1','2026-03-07',1,'21:23:03','2026-03-07 14:23:03','2026-03-07 14:23:03'),(242,1,'MkKfXlpwFeviGDx9FQpD200Wca8QzXgLt8sBNMHC','127.0.0.1','2026-03-07',1,'21:23:08','2026-03-07 14:23:08','2026-03-07 14:23:08'),(243,1,'MkKfXlpwFeviGDx9FQpD200Wca8QzXgLt8sBNMHC','127.0.0.1','2026-03-07',1,'21:23:13','2026-03-07 14:23:13','2026-03-07 14:23:13'),(244,1,'MkKfXlpwFeviGDx9FQpD200Wca8QzXgLt8sBNMHC','127.0.0.1','2026-03-07',1,'21:23:18','2026-03-07 14:23:18','2026-03-07 14:23:18'),(245,1,'MkKfXlpwFeviGDx9FQpD200Wca8QzXgLt8sBNMHC','127.0.0.1','2026-03-07',1,'21:23:23','2026-03-07 14:23:23','2026-03-07 14:23:23'),(246,1,'MkKfXlpwFeviGDx9FQpD200Wca8QzXgLt8sBNMHC','127.0.0.1','2026-03-07',1,'21:23:33','2026-03-07 14:23:33','2026-03-07 14:23:33'),(247,1,'MkKfXlpwFeviGDx9FQpD200Wca8QzXgLt8sBNMHC','127.0.0.1','2026-03-07',1,'21:23:38','2026-03-07 14:23:38','2026-03-07 14:23:38'),(248,1,'MkKfXlpwFeviGDx9FQpD200Wca8QzXgLt8sBNMHC','127.0.0.1','2026-03-07',1,'21:23:43','2026-03-07 14:23:43','2026-03-07 14:23:43'),(249,1,'MkKfXlpwFeviGDx9FQpD200Wca8QzXgLt8sBNMHC','127.0.0.1','2026-03-07',1,'21:23:48','2026-03-07 14:23:48','2026-03-07 14:23:48'),(250,1,'MkKfXlpwFeviGDx9FQpD200Wca8QzXgLt8sBNMHC','127.0.0.1','2026-03-07',1,'21:23:53','2026-03-07 14:23:53','2026-03-07 14:23:53'),(251,1,'MkKfXlpwFeviGDx9FQpD200Wca8QzXgLt8sBNMHC','127.0.0.1','2026-03-07',1,'21:23:58','2026-03-07 14:23:58','2026-03-07 14:23:58'),(252,1,'MkKfXlpwFeviGDx9FQpD200Wca8QzXgLt8sBNMHC','127.0.0.1','2026-03-07',1,'21:24:03','2026-03-07 14:24:03','2026-03-07 14:24:03'),(253,1,'MkKfXlpwFeviGDx9FQpD200Wca8QzXgLt8sBNMHC','127.0.0.1','2026-03-07',1,'21:24:08','2026-03-07 14:24:08','2026-03-07 14:24:08'),(254,1,'MkKfXlpwFeviGDx9FQpD200Wca8QzXgLt8sBNMHC','127.0.0.1','2026-03-07',1,'21:24:13','2026-03-07 14:24:13','2026-03-07 14:24:13'),(255,1,'MkKfXlpwFeviGDx9FQpD200Wca8QzXgLt8sBNMHC','127.0.0.1','2026-03-07',1,'21:24:18','2026-03-07 14:24:18','2026-03-07 14:24:18'),(256,1,'MkKfXlpwFeviGDx9FQpD200Wca8QzXgLt8sBNMHC','127.0.0.1','2026-03-07',1,'21:24:23','2026-03-07 14:24:23','2026-03-07 14:24:23'),(257,1,'MkKfXlpwFeviGDx9FQpD200Wca8QzXgLt8sBNMHC','127.0.0.1','2026-03-07',1,'21:24:28','2026-03-07 14:24:28','2026-03-07 14:24:28'),(258,1,'MkKfXlpwFeviGDx9FQpD200Wca8QzXgLt8sBNMHC','127.0.0.1','2026-03-07',1,'21:24:33','2026-03-07 14:24:33','2026-03-07 14:24:33'),(259,1,'MkKfXlpwFeviGDx9FQpD200Wca8QzXgLt8sBNMHC','127.0.0.1','2026-03-07',1,'21:24:38','2026-03-07 14:24:38','2026-03-07 14:24:38'),(260,1,'MkKfXlpwFeviGDx9FQpD200Wca8QzXgLt8sBNMHC','127.0.0.1','2026-03-07',1,'21:24:43','2026-03-07 14:24:43','2026-03-07 14:24:43'),(261,1,'MkKfXlpwFeviGDx9FQpD200Wca8QzXgLt8sBNMHC','127.0.0.1','2026-03-07',1,'21:24:48','2026-03-07 14:24:48','2026-03-07 14:24:48'),(262,1,'MkKfXlpwFeviGDx9FQpD200Wca8QzXgLt8sBNMHC','127.0.0.1','2026-03-07',1,'21:24:53','2026-03-07 14:24:53','2026-03-07 14:24:53'),(263,1,'MkKfXlpwFeviGDx9FQpD200Wca8QzXgLt8sBNMHC','127.0.0.1','2026-03-07',1,'21:24:58','2026-03-07 14:24:58','2026-03-07 14:24:58'),(264,1,'MkKfXlpwFeviGDx9FQpD200Wca8QzXgLt8sBNMHC','127.0.0.1','2026-03-07',1,'21:25:03','2026-03-07 14:25:03','2026-03-07 14:25:03'),(265,1,'MkKfXlpwFeviGDx9FQpD200Wca8QzXgLt8sBNMHC','127.0.0.1','2026-03-07',1,'21:25:08','2026-03-07 14:25:08','2026-03-07 14:25:08'),(266,1,'MkKfXlpwFeviGDx9FQpD200Wca8QzXgLt8sBNMHC','127.0.0.1','2026-03-07',1,'21:25:13','2026-03-07 14:25:13','2026-03-07 14:25:13'),(267,1,'MkKfXlpwFeviGDx9FQpD200Wca8QzXgLt8sBNMHC','127.0.0.1','2026-03-07',1,'21:25:18','2026-03-07 14:25:18','2026-03-07 14:25:18'),(268,1,'MkKfXlpwFeviGDx9FQpD200Wca8QzXgLt8sBNMHC','127.0.0.1','2026-03-07',1,'21:25:23','2026-03-07 14:25:23','2026-03-07 14:25:23'),(269,1,'MkKfXlpwFeviGDx9FQpD200Wca8QzXgLt8sBNMHC','127.0.0.1','2026-03-07',1,'21:25:28','2026-03-07 14:25:28','2026-03-07 14:25:28'),(270,1,'MkKfXlpwFeviGDx9FQpD200Wca8QzXgLt8sBNMHC','127.0.0.1','2026-03-07',1,'21:25:33','2026-03-07 14:25:33','2026-03-07 14:25:33'),(271,1,'MkKfXlpwFeviGDx9FQpD200Wca8QzXgLt8sBNMHC','127.0.0.1','2026-03-07',1,'21:25:38','2026-03-07 14:25:38','2026-03-07 14:25:38'),(272,1,'MkKfXlpwFeviGDx9FQpD200Wca8QzXgLt8sBNMHC','127.0.0.1','2026-03-07',1,'21:25:43','2026-03-07 14:25:43','2026-03-07 14:25:43'),(273,1,'MkKfXlpwFeviGDx9FQpD200Wca8QzXgLt8sBNMHC','127.0.0.1','2026-03-07',1,'21:25:48','2026-03-07 14:25:48','2026-03-07 14:25:48'),(274,1,'MkKfXlpwFeviGDx9FQpD200Wca8QzXgLt8sBNMHC','127.0.0.1','2026-03-07',1,'21:25:53','2026-03-07 14:25:53','2026-03-07 14:25:53'),(275,1,'MkKfXlpwFeviGDx9FQpD200Wca8QzXgLt8sBNMHC','127.0.0.1','2026-03-07',1,'21:25:58','2026-03-07 14:25:58','2026-03-07 14:25:58'),(276,1,'MkKfXlpwFeviGDx9FQpD200Wca8QzXgLt8sBNMHC','127.0.0.1','2026-03-07',1,'21:26:03','2026-03-07 14:26:03','2026-03-07 14:26:03'),(277,1,'MkKfXlpwFeviGDx9FQpD200Wca8QzXgLt8sBNMHC','127.0.0.1','2026-03-07',1,'21:26:08','2026-03-07 14:26:08','2026-03-07 14:26:08'),(278,1,'MkKfXlpwFeviGDx9FQpD200Wca8QzXgLt8sBNMHC','127.0.0.1','2026-03-07',1,'21:26:13','2026-03-07 14:26:13','2026-03-07 14:26:13'),(279,1,'MkKfXlpwFeviGDx9FQpD200Wca8QzXgLt8sBNMHC','127.0.0.1','2026-03-07',1,'21:26:18','2026-03-07 14:26:18','2026-03-07 14:26:18'),(280,1,'MkKfXlpwFeviGDx9FQpD200Wca8QzXgLt8sBNMHC','127.0.0.1','2026-03-07',1,'21:26:23','2026-03-07 14:26:23','2026-03-07 14:26:23'),(281,1,'MkKfXlpwFeviGDx9FQpD200Wca8QzXgLt8sBNMHC','127.0.0.1','2026-03-07',1,'21:26:28','2026-03-07 14:26:28','2026-03-07 14:26:28'),(282,1,'MkKfXlpwFeviGDx9FQpD200Wca8QzXgLt8sBNMHC','127.0.0.1','2026-03-07',1,'21:26:33','2026-03-07 14:26:33','2026-03-07 14:26:33'),(283,1,'MkKfXlpwFeviGDx9FQpD200Wca8QzXgLt8sBNMHC','127.0.0.1','2026-03-07',1,'21:26:38','2026-03-07 14:26:38','2026-03-07 14:26:38'),(284,1,'MkKfXlpwFeviGDx9FQpD200Wca8QzXgLt8sBNMHC','127.0.0.1','2026-03-07',1,'21:26:43','2026-03-07 14:26:43','2026-03-07 14:26:43'),(285,1,'MkKfXlpwFeviGDx9FQpD200Wca8QzXgLt8sBNMHC','127.0.0.1','2026-03-07',1,'21:26:48','2026-03-07 14:26:48','2026-03-07 14:26:48'),(286,1,'MkKfXlpwFeviGDx9FQpD200Wca8QzXgLt8sBNMHC','127.0.0.1','2026-03-07',1,'21:26:53','2026-03-07 14:26:53','2026-03-07 14:26:53'),(287,1,'MkKfXlpwFeviGDx9FQpD200Wca8QzXgLt8sBNMHC','127.0.0.1','2026-03-07',1,'21:26:58','2026-03-07 14:26:58','2026-03-07 14:26:58'),(288,1,'MkKfXlpwFeviGDx9FQpD200Wca8QzXgLt8sBNMHC','127.0.0.1','2026-03-07',1,'21:27:03','2026-03-07 14:27:03','2026-03-07 14:27:03'),(289,1,'MkKfXlpwFeviGDx9FQpD200Wca8QzXgLt8sBNMHC','127.0.0.1','2026-03-07',1,'21:27:08','2026-03-07 14:27:08','2026-03-07 14:27:08'),(290,1,'MkKfXlpwFeviGDx9FQpD200Wca8QzXgLt8sBNMHC','127.0.0.1','2026-03-07',1,'21:27:13','2026-03-07 14:27:13','2026-03-07 14:27:13'),(291,1,'MkKfXlpwFeviGDx9FQpD200Wca8QzXgLt8sBNMHC','127.0.0.1','2026-03-07',1,'21:27:18','2026-03-07 14:27:18','2026-03-07 14:27:18'),(292,1,'MkKfXlpwFeviGDx9FQpD200Wca8QzXgLt8sBNMHC','127.0.0.1','2026-03-07',1,'21:27:23','2026-03-07 14:27:23','2026-03-07 14:27:23'),(293,1,'MkKfXlpwFeviGDx9FQpD200Wca8QzXgLt8sBNMHC','127.0.0.1','2026-03-07',1,'21:27:28','2026-03-07 14:27:28','2026-03-07 14:27:28'),(294,1,'MkKfXlpwFeviGDx9FQpD200Wca8QzXgLt8sBNMHC','127.0.0.1','2026-03-07',1,'21:27:33','2026-03-07 14:27:33','2026-03-07 14:27:33'),(295,1,'MkKfXlpwFeviGDx9FQpD200Wca8QzXgLt8sBNMHC','127.0.0.1','2026-03-07',1,'21:27:38','2026-03-07 14:27:38','2026-03-07 14:27:38'),(296,1,'MkKfXlpwFeviGDx9FQpD200Wca8QzXgLt8sBNMHC','127.0.0.1','2026-03-07',1,'21:27:43','2026-03-07 14:27:43','2026-03-07 14:27:43'),(297,1,'MkKfXlpwFeviGDx9FQpD200Wca8QzXgLt8sBNMHC','127.0.0.1','2026-03-07',1,'21:27:48','2026-03-07 14:27:48','2026-03-07 14:27:48'),(298,1,'MkKfXlpwFeviGDx9FQpD200Wca8QzXgLt8sBNMHC','127.0.0.1','2026-03-07',1,'21:27:53','2026-03-07 14:27:53','2026-03-07 14:27:53'),(299,1,'MkKfXlpwFeviGDx9FQpD200Wca8QzXgLt8sBNMHC','127.0.0.1','2026-03-07',1,'21:27:58','2026-03-07 14:27:58','2026-03-07 14:27:58'),(300,1,'MkKfXlpwFeviGDx9FQpD200Wca8QzXgLt8sBNMHC','127.0.0.1','2026-03-07',1,'21:28:03','2026-03-07 14:28:03','2026-03-07 14:28:03'),(301,1,'MkKfXlpwFeviGDx9FQpD200Wca8QzXgLt8sBNMHC','127.0.0.1','2026-03-07',1,'21:28:08','2026-03-07 14:28:08','2026-03-07 14:28:08'),(302,1,'MkKfXlpwFeviGDx9FQpD200Wca8QzXgLt8sBNMHC','127.0.0.1','2026-03-07',1,'21:28:13','2026-03-07 14:28:13','2026-03-07 14:28:13'),(303,1,'MkKfXlpwFeviGDx9FQpD200Wca8QzXgLt8sBNMHC','127.0.0.1','2026-03-07',1,'21:28:18','2026-03-07 14:28:18','2026-03-07 14:28:18'),(304,1,'MkKfXlpwFeviGDx9FQpD200Wca8QzXgLt8sBNMHC','127.0.0.1','2026-03-07',1,'21:28:23','2026-03-07 14:28:23','2026-03-07 14:28:23'),(305,1,'MkKfXlpwFeviGDx9FQpD200Wca8QzXgLt8sBNMHC','127.0.0.1','2026-03-07',1,'21:28:28','2026-03-07 14:28:28','2026-03-07 14:28:28'),(306,1,'MkKfXlpwFeviGDx9FQpD200Wca8QzXgLt8sBNMHC','127.0.0.1','2026-03-07',1,'21:28:33','2026-03-07 14:28:33','2026-03-07 14:28:33'),(307,1,'MkKfXlpwFeviGDx9FQpD200Wca8QzXgLt8sBNMHC','127.0.0.1','2026-03-07',1,'21:28:38','2026-03-07 14:28:38','2026-03-07 14:28:38'),(308,1,'MkKfXlpwFeviGDx9FQpD200Wca8QzXgLt8sBNMHC','127.0.0.1','2026-03-07',1,'21:28:43','2026-03-07 14:28:43','2026-03-07 14:28:43'),(309,1,'MkKfXlpwFeviGDx9FQpD200Wca8QzXgLt8sBNMHC','127.0.0.1','2026-03-07',1,'21:28:48','2026-03-07 14:28:48','2026-03-07 14:28:48'),(310,1,'MkKfXlpwFeviGDx9FQpD200Wca8QzXgLt8sBNMHC','127.0.0.1','2026-03-07',1,'21:28:53','2026-03-07 14:28:53','2026-03-07 14:28:53'),(311,1,'MkKfXlpwFeviGDx9FQpD200Wca8QzXgLt8sBNMHC','127.0.0.1','2026-03-07',1,'21:28:58','2026-03-07 14:28:58','2026-03-07 14:28:58'),(312,1,'MkKfXlpwFeviGDx9FQpD200Wca8QzXgLt8sBNMHC','127.0.0.1','2026-03-07',1,'21:29:03','2026-03-07 14:29:03','2026-03-07 14:29:03'),(313,1,'MkKfXlpwFeviGDx9FQpD200Wca8QzXgLt8sBNMHC','127.0.0.1','2026-03-07',1,'21:29:08','2026-03-07 14:29:08','2026-03-07 14:29:08'),(314,1,'MkKfXlpwFeviGDx9FQpD200Wca8QzXgLt8sBNMHC','127.0.0.1','2026-03-07',1,'21:29:13','2026-03-07 14:29:13','2026-03-07 14:29:13'),(315,1,'MkKfXlpwFeviGDx9FQpD200Wca8QzXgLt8sBNMHC','127.0.0.1','2026-03-07',1,'21:29:18','2026-03-07 14:29:18','2026-03-07 14:29:18'),(316,1,'MkKfXlpwFeviGDx9FQpD200Wca8QzXgLt8sBNMHC','127.0.0.1','2026-03-07',1,'21:29:23','2026-03-07 14:29:23','2026-03-07 14:29:23'),(317,1,'MkKfXlpwFeviGDx9FQpD200Wca8QzXgLt8sBNMHC','127.0.0.1','2026-03-07',1,'21:29:28','2026-03-07 14:29:28','2026-03-07 14:29:28'),(318,1,'MkKfXlpwFeviGDx9FQpD200Wca8QzXgLt8sBNMHC','127.0.0.1','2026-03-07',1,'21:29:33','2026-03-07 14:29:33','2026-03-07 14:29:33'),(319,1,'MkKfXlpwFeviGDx9FQpD200Wca8QzXgLt8sBNMHC','127.0.0.1','2026-03-07',1,'21:29:38','2026-03-07 14:29:38','2026-03-07 14:29:38'),(320,1,'MkKfXlpwFeviGDx9FQpD200Wca8QzXgLt8sBNMHC','127.0.0.1','2026-03-07',1,'21:29:43','2026-03-07 14:29:43','2026-03-07 14:29:43'),(321,1,'MkKfXlpwFeviGDx9FQpD200Wca8QzXgLt8sBNMHC','127.0.0.1','2026-03-07',1,'21:29:48','2026-03-07 14:29:48','2026-03-07 14:29:48'),(322,1,'MkKfXlpwFeviGDx9FQpD200Wca8QzXgLt8sBNMHC','127.0.0.1','2026-03-07',1,'21:29:53','2026-03-07 14:29:53','2026-03-07 14:29:53'),(323,1,'MkKfXlpwFeviGDx9FQpD200Wca8QzXgLt8sBNMHC','127.0.0.1','2026-03-07',1,'21:29:58','2026-03-07 14:29:58','2026-03-07 14:29:58'),(324,1,'MkKfXlpwFeviGDx9FQpD200Wca8QzXgLt8sBNMHC','127.0.0.1','2026-03-07',1,'21:30:03','2026-03-07 14:30:03','2026-03-07 14:30:03'),(325,1,'MkKfXlpwFeviGDx9FQpD200Wca8QzXgLt8sBNMHC','127.0.0.1','2026-03-07',1,'21:30:08','2026-03-07 14:30:08','2026-03-07 14:30:08'),(326,1,'MkKfXlpwFeviGDx9FQpD200Wca8QzXgLt8sBNMHC','127.0.0.1','2026-03-07',1,'21:30:13','2026-03-07 14:30:13','2026-03-07 14:30:13'),(327,1,'MkKfXlpwFeviGDx9FQpD200Wca8QzXgLt8sBNMHC','127.0.0.1','2026-03-07',1,'21:30:18','2026-03-07 14:30:18','2026-03-07 14:30:18'),(328,1,'MkKfXlpwFeviGDx9FQpD200Wca8QzXgLt8sBNMHC','127.0.0.1','2026-03-07',1,'21:30:23','2026-03-07 14:30:23','2026-03-07 14:30:23'),(329,1,'MkKfXlpwFeviGDx9FQpD200Wca8QzXgLt8sBNMHC','127.0.0.1','2026-03-07',1,'21:30:28','2026-03-07 14:30:28','2026-03-07 14:30:28'),(330,1,'MkKfXlpwFeviGDx9FQpD200Wca8QzXgLt8sBNMHC','127.0.0.1','2026-03-07',1,'21:30:33','2026-03-07 14:30:33','2026-03-07 14:30:33'),(331,1,'MkKfXlpwFeviGDx9FQpD200Wca8QzXgLt8sBNMHC','127.0.0.1','2026-03-07',1,'21:30:38','2026-03-07 14:30:38','2026-03-07 14:30:38'),(332,1,'MkKfXlpwFeviGDx9FQpD200Wca8QzXgLt8sBNMHC','127.0.0.1','2026-03-07',1,'21:30:43','2026-03-07 14:30:43','2026-03-07 14:30:43'),(333,1,'MkKfXlpwFeviGDx9FQpD200Wca8QzXgLt8sBNMHC','127.0.0.1','2026-03-07',1,'21:30:48','2026-03-07 14:30:48','2026-03-07 14:30:48'),(334,1,'MkKfXlpwFeviGDx9FQpD200Wca8QzXgLt8sBNMHC','127.0.0.1','2026-03-07',1,'21:30:53','2026-03-07 14:30:53','2026-03-07 14:30:53'),(335,1,'MkKfXlpwFeviGDx9FQpD200Wca8QzXgLt8sBNMHC','127.0.0.1','2026-03-07',1,'21:30:58','2026-03-07 14:30:58','2026-03-07 14:30:58'),(336,1,'MkKfXlpwFeviGDx9FQpD200Wca8QzXgLt8sBNMHC','127.0.0.1','2026-03-07',1,'21:31:03','2026-03-07 14:31:03','2026-03-07 14:31:03'),(337,1,'MkKfXlpwFeviGDx9FQpD200Wca8QzXgLt8sBNMHC','127.0.0.1','2026-03-07',1,'21:31:08','2026-03-07 14:31:08','2026-03-07 14:31:08'),(338,1,'MkKfXlpwFeviGDx9FQpD200Wca8QzXgLt8sBNMHC','127.0.0.1','2026-03-07',1,'21:31:13','2026-03-07 14:31:13','2026-03-07 14:31:13'),(339,1,'MkKfXlpwFeviGDx9FQpD200Wca8QzXgLt8sBNMHC','127.0.0.1','2026-03-07',1,'21:31:18','2026-03-07 14:31:18','2026-03-07 14:31:18'),(340,1,'MkKfXlpwFeviGDx9FQpD200Wca8QzXgLt8sBNMHC','127.0.0.1','2026-03-07',1,'21:31:23','2026-03-07 14:31:23','2026-03-07 14:31:23'),(341,1,'MkKfXlpwFeviGDx9FQpD200Wca8QzXgLt8sBNMHC','127.0.0.1','2026-03-07',1,'21:31:28','2026-03-07 14:31:28','2026-03-07 14:31:28'),(342,1,'MkKfXlpwFeviGDx9FQpD200Wca8QzXgLt8sBNMHC','127.0.0.1','2026-03-07',1,'21:31:33','2026-03-07 14:31:33','2026-03-07 14:31:33'),(343,1,'MkKfXlpwFeviGDx9FQpD200Wca8QzXgLt8sBNMHC','127.0.0.1','2026-03-07',1,'21:31:38','2026-03-07 14:31:38','2026-03-07 14:31:38'),(344,1,'MkKfXlpwFeviGDx9FQpD200Wca8QzXgLt8sBNMHC','127.0.0.1','2026-03-07',1,'21:31:43','2026-03-07 14:31:43','2026-03-07 14:31:43'),(345,1,'MkKfXlpwFeviGDx9FQpD200Wca8QzXgLt8sBNMHC','127.0.0.1','2026-03-07',1,'21:31:48','2026-03-07 14:31:48','2026-03-07 14:31:48'),(346,1,'MkKfXlpwFeviGDx9FQpD200Wca8QzXgLt8sBNMHC','127.0.0.1','2026-03-07',1,'21:37:13','2026-03-07 14:37:13','2026-03-07 14:37:13'),(347,1,'MkKfXlpwFeviGDx9FQpD200Wca8QzXgLt8sBNMHC','127.0.0.1','2026-03-07',1,'21:48:32','2026-03-07 14:48:32','2026-03-07 14:48:32'),(348,1,'MkKfXlpwFeviGDx9FQpD200Wca8QzXgLt8sBNMHC','127.0.0.1','2026-03-07',1,'21:48:33','2026-03-07 14:48:33','2026-03-07 14:48:33'),(349,1,'MkKfXlpwFeviGDx9FQpD200Wca8QzXgLt8sBNMHC','127.0.0.1','2026-03-07',1,'21:48:38','2026-03-07 14:48:38','2026-03-07 14:48:38'),(350,1,'MkKfXlpwFeviGDx9FQpD200Wca8QzXgLt8sBNMHC','127.0.0.1','2026-03-07',1,'21:48:42','2026-03-07 14:48:42','2026-03-07 14:48:42'),(351,1,'MkKfXlpwFeviGDx9FQpD200Wca8QzXgLt8sBNMHC','127.0.0.1','2026-03-07',1,'21:51:01','2026-03-07 14:51:01','2026-03-07 14:51:01'),(352,1,'MkKfXlpwFeviGDx9FQpD200Wca8QzXgLt8sBNMHC','127.0.0.1','2026-03-07',1,'21:52:41','2026-03-07 14:52:41','2026-03-07 14:52:41'),(353,1,'MkKfXlpwFeviGDx9FQpD200Wca8QzXgLt8sBNMHC','127.0.0.1','2026-03-07',1,'21:52:59','2026-03-07 14:52:59','2026-03-07 14:52:59'),(354,1,'MkKfXlpwFeviGDx9FQpD200Wca8QzXgLt8sBNMHC','127.0.0.1','2026-03-07',1,'21:53:11','2026-03-07 14:53:11','2026-03-07 14:53:11'),(355,1,'MkKfXlpwFeviGDx9FQpD200Wca8QzXgLt8sBNMHC','127.0.0.1','2026-03-07',1,'21:53:18','2026-03-07 14:53:18','2026-03-07 14:53:18'),(356,1,'MkKfXlpwFeviGDx9FQpD200Wca8QzXgLt8sBNMHC','127.0.0.1','2026-03-07',1,'23:36:56','2026-03-07 16:36:56','2026-03-07 16:36:56'),(357,1,'MkKfXlpwFeviGDx9FQpD200Wca8QzXgLt8sBNMHC','127.0.0.1','2026-03-07',1,'23:37:27','2026-03-07 16:37:27','2026-03-07 16:37:27'),(358,1,'MkKfXlpwFeviGDx9FQpD200Wca8QzXgLt8sBNMHC','127.0.0.1','2026-03-07',1,'23:37:42','2026-03-07 16:37:42','2026-03-07 16:37:42'),(359,NULL,'7SYM8CfpSgB61rnGx3yso2jZZKuIRgBaMHzo1A5w','127.0.0.1','2026-03-07',1,'23:48:00','2026-03-07 16:48:00','2026-03-07 16:48:00'),(360,1,'MkKfXlpwFeviGDx9FQpD200Wca8QzXgLt8sBNMHC','127.0.0.1','2026-03-07',1,'23:49:42','2026-03-07 16:49:42','2026-03-07 16:49:42'),(361,1,'MkKfXlpwFeviGDx9FQpD200Wca8QzXgLt8sBNMHC','127.0.0.1','2026-03-07',1,'23:49:42','2026-03-07 16:49:42','2026-03-07 16:49:42'),(362,1,'MkKfXlpwFeviGDx9FQpD200Wca8QzXgLt8sBNMHC','127.0.0.1','2026-03-07',1,'23:49:47','2026-03-07 16:49:47','2026-03-07 16:49:47'),(363,1,'MkKfXlpwFeviGDx9FQpD200Wca8QzXgLt8sBNMHC','127.0.0.1','2026-03-07',1,'23:50:21','2026-03-07 16:50:21','2026-03-07 16:50:21'),(364,1,'MkKfXlpwFeviGDx9FQpD200Wca8QzXgLt8sBNMHC','127.0.0.1','2026-03-07',1,'23:51:55','2026-03-07 16:51:55','2026-03-07 16:51:55'),(365,1,'MkKfXlpwFeviGDx9FQpD200Wca8QzXgLt8sBNMHC','127.0.0.1','2026-03-07',1,'23:51:55','2026-03-07 16:51:55','2026-03-07 16:51:55'),(366,1,'MkKfXlpwFeviGDx9FQpD200Wca8QzXgLt8sBNMHC','127.0.0.1','2026-03-07',1,'23:51:55','2026-03-07 16:51:55','2026-03-07 16:51:55'),(367,1,'MkKfXlpwFeviGDx9FQpD200Wca8QzXgLt8sBNMHC','127.0.0.1','2026-03-07',1,'23:52:00','2026-03-07 16:52:00','2026-03-07 16:52:00'),(368,1,'MkKfXlpwFeviGDx9FQpD200Wca8QzXgLt8sBNMHC','127.0.0.1','2026-03-07',1,'23:52:19','2026-03-07 16:52:19','2026-03-07 16:52:19'),(369,NULL,'7SYM8CfpSgB61rnGx3yso2jZZKuIRgBaMHzo1A5w','127.0.0.1','2026-03-08',1,'00:33:55','2026-03-07 17:33:55','2026-03-07 17:33:55'),(370,1,'MkKfXlpwFeviGDx9FQpD200Wca8QzXgLt8sBNMHC','127.0.0.1','2026-03-08',1,'00:34:00','2026-03-07 17:34:00','2026-03-07 17:34:00'),(371,1,'MkKfXlpwFeviGDx9FQpD200Wca8QzXgLt8sBNMHC','127.0.0.1','2026-03-08',1,'00:34:01','2026-03-07 17:34:01','2026-03-07 17:34:01'),(372,1,'MkKfXlpwFeviGDx9FQpD200Wca8QzXgLt8sBNMHC','127.0.0.1','2026-03-08',1,'00:34:20','2026-03-07 17:34:20','2026-03-07 17:34:20'),(373,1,'MkKfXlpwFeviGDx9FQpD200Wca8QzXgLt8sBNMHC','127.0.0.1','2026-03-08',1,'00:34:35','2026-03-07 17:34:35','2026-03-07 17:34:35'),(374,1,'MkKfXlpwFeviGDx9FQpD200Wca8QzXgLt8sBNMHC','127.0.0.1','2026-03-08',1,'00:51:25','2026-03-07 17:51:25','2026-03-07 17:51:25'),(375,1,'MkKfXlpwFeviGDx9FQpD200Wca8QzXgLt8sBNMHC','127.0.0.1','2026-03-08',1,'00:51:45','2026-03-07 17:51:45','2026-03-07 17:51:45'),(376,1,'MkKfXlpwFeviGDx9FQpD200Wca8QzXgLt8sBNMHC','127.0.0.1','2026-03-08',1,'00:52:16','2026-03-07 17:52:16','2026-03-07 17:52:16'),(377,1,'MkKfXlpwFeviGDx9FQpD200Wca8QzXgLt8sBNMHC','127.0.0.1','2026-03-08',1,'00:52:17','2026-03-07 17:52:17','2026-03-07 17:52:17'),(378,1,'MkKfXlpwFeviGDx9FQpD200Wca8QzXgLt8sBNMHC','127.0.0.1','2026-03-08',1,'00:52:21','2026-03-07 17:52:21','2026-03-07 17:52:21'),(379,1,'MkKfXlpwFeviGDx9FQpD200Wca8QzXgLt8sBNMHC','127.0.0.1','2026-03-08',1,'00:52:36','2026-03-07 17:52:36','2026-03-07 17:52:36'),(380,1,'MkKfXlpwFeviGDx9FQpD200Wca8QzXgLt8sBNMHC','127.0.0.1','2026-03-08',1,'00:52:36','2026-03-07 17:52:36','2026-03-07 17:52:36'),(381,1,'MkKfXlpwFeviGDx9FQpD200Wca8QzXgLt8sBNMHC','127.0.0.1','2026-03-08',1,'00:52:37','2026-03-07 17:52:37','2026-03-07 17:52:37'),(382,1,'MkKfXlpwFeviGDx9FQpD200Wca8QzXgLt8sBNMHC','127.0.0.1','2026-03-08',1,'00:52:37','2026-03-07 17:52:37','2026-03-07 17:52:37'),(383,1,'MkKfXlpwFeviGDx9FQpD200Wca8QzXgLt8sBNMHC','127.0.0.1','2026-03-08',1,'00:52:37','2026-03-07 17:52:37','2026-03-07 17:52:37'),(384,1,'MkKfXlpwFeviGDx9FQpD200Wca8QzXgLt8sBNMHC','127.0.0.1','2026-03-08',1,'00:52:38','2026-03-07 17:52:38','2026-03-07 17:52:38'),(385,1,'MkKfXlpwFeviGDx9FQpD200Wca8QzXgLt8sBNMHC','127.0.0.1','2026-03-08',1,'00:52:38','2026-03-07 17:52:38','2026-03-07 17:52:38'),(386,1,'MkKfXlpwFeviGDx9FQpD200Wca8QzXgLt8sBNMHC','127.0.0.1','2026-03-08',1,'00:52:38','2026-03-07 17:52:38','2026-03-07 17:52:38'),(387,1,'MkKfXlpwFeviGDx9FQpD200Wca8QzXgLt8sBNMHC','127.0.0.1','2026-03-08',1,'00:52:39','2026-03-07 17:52:39','2026-03-07 17:52:39'),(388,1,'MkKfXlpwFeviGDx9FQpD200Wca8QzXgLt8sBNMHC','127.0.0.1','2026-03-08',1,'00:52:39','2026-03-07 17:52:39','2026-03-07 17:52:39'),(389,1,'MkKfXlpwFeviGDx9FQpD200Wca8QzXgLt8sBNMHC','127.0.0.1','2026-03-08',1,'00:52:39','2026-03-07 17:52:39','2026-03-07 17:52:39'),(390,1,'MkKfXlpwFeviGDx9FQpD200Wca8QzXgLt8sBNMHC','127.0.0.1','2026-03-08',1,'00:52:39','2026-03-07 17:52:39','2026-03-07 17:52:39'),(391,1,'MkKfXlpwFeviGDx9FQpD200Wca8QzXgLt8sBNMHC','127.0.0.1','2026-03-08',1,'00:52:40','2026-03-07 17:52:40','2026-03-07 17:52:40'),(392,1,'MkKfXlpwFeviGDx9FQpD200Wca8QzXgLt8sBNMHC','127.0.0.1','2026-03-08',1,'00:54:23','2026-03-07 17:54:23','2026-03-07 17:54:23'),(393,1,'MkKfXlpwFeviGDx9FQpD200Wca8QzXgLt8sBNMHC','127.0.0.1','2026-03-08',1,'00:54:31','2026-03-07 17:54:31','2026-03-07 17:54:31'),(394,1,'MkKfXlpwFeviGDx9FQpD200Wca8QzXgLt8sBNMHC','127.0.0.1','2026-03-08',1,'00:54:42','2026-03-07 17:54:42','2026-03-07 17:54:42'),(395,1,'MkKfXlpwFeviGDx9FQpD200Wca8QzXgLt8sBNMHC','127.0.0.1','2026-03-08',1,'00:55:10','2026-03-07 17:55:10','2026-03-07 17:55:10'),(396,1,'MkKfXlpwFeviGDx9FQpD200Wca8QzXgLt8sBNMHC','127.0.0.1','2026-03-08',1,'00:55:10','2026-03-07 17:55:10','2026-03-07 17:55:10'),(397,1,'MkKfXlpwFeviGDx9FQpD200Wca8QzXgLt8sBNMHC','127.0.0.1','2026-03-08',1,'00:55:16','2026-03-07 17:55:16','2026-03-07 17:55:16'),(398,1,'MkKfXlpwFeviGDx9FQpD200Wca8QzXgLt8sBNMHC','127.0.0.1','2026-03-08',1,'00:55:25','2026-03-07 17:55:25','2026-03-07 17:55:25'),(399,1,'MkKfXlpwFeviGDx9FQpD200Wca8QzXgLt8sBNMHC','127.0.0.1','2026-03-08',1,'00:55:35','2026-03-07 17:55:35','2026-03-07 17:55:35'),(400,1,'MkKfXlpwFeviGDx9FQpD200Wca8QzXgLt8sBNMHC','127.0.0.1','2026-03-08',1,'00:56:03','2026-03-07 17:56:03','2026-03-07 17:56:03'),(401,1,'MkKfXlpwFeviGDx9FQpD200Wca8QzXgLt8sBNMHC','127.0.0.1','2026-03-08',1,'00:56:10','2026-03-07 17:56:10','2026-03-07 17:56:10'),(402,1,'MkKfXlpwFeviGDx9FQpD200Wca8QzXgLt8sBNMHC','127.0.0.1','2026-03-08',1,'00:56:17','2026-03-07 17:56:17','2026-03-07 17:56:17'),(403,1,'MkKfXlpwFeviGDx9FQpD200Wca8QzXgLt8sBNMHC','127.0.0.1','2026-03-08',1,'01:10:41','2026-03-07 18:10:41','2026-03-07 18:10:41'),(404,1,'MkKfXlpwFeviGDx9FQpD200Wca8QzXgLt8sBNMHC','127.0.0.1','2026-03-08',1,'01:10:49','2026-03-07 18:10:49','2026-03-07 18:10:49'),(405,1,'MkKfXlpwFeviGDx9FQpD200Wca8QzXgLt8sBNMHC','127.0.0.1','2026-03-08',1,'01:10:57','2026-03-07 18:10:57','2026-03-07 18:10:57'),(406,1,'MkKfXlpwFeviGDx9FQpD200Wca8QzXgLt8sBNMHC','127.0.0.1','2026-03-08',1,'01:10:57','2026-03-07 18:10:57','2026-03-07 18:10:57'),(407,1,'MkKfXlpwFeviGDx9FQpD200Wca8QzXgLt8sBNMHC','127.0.0.1','2026-03-08',1,'01:13:39','2026-03-07 18:13:39','2026-03-07 18:13:39'),(408,1,'MkKfXlpwFeviGDx9FQpD200Wca8QzXgLt8sBNMHC','127.0.0.1','2026-03-08',1,'01:14:09','2026-03-07 18:14:09','2026-03-07 18:14:09'),(409,1,'MkKfXlpwFeviGDx9FQpD200Wca8QzXgLt8sBNMHC','127.0.0.1','2026-03-08',1,'01:14:16','2026-03-07 18:14:16','2026-03-07 18:14:16'),(410,1,'MkKfXlpwFeviGDx9FQpD200Wca8QzXgLt8sBNMHC','127.0.0.1','2026-03-08',1,'01:14:17','2026-03-07 18:14:17','2026-03-07 18:14:17'),(411,1,'MkKfXlpwFeviGDx9FQpD200Wca8QzXgLt8sBNMHC','127.0.0.1','2026-03-08',1,'01:14:20','2026-03-07 18:14:20','2026-03-07 18:14:20'),(412,1,'MkKfXlpwFeviGDx9FQpD200Wca8QzXgLt8sBNMHC','127.0.0.1','2026-03-08',1,'01:14:20','2026-03-07 18:14:20','2026-03-07 18:14:20'),(413,1,'MkKfXlpwFeviGDx9FQpD200Wca8QzXgLt8sBNMHC','127.0.0.1','2026-03-08',1,'01:14:22','2026-03-07 18:14:22','2026-03-07 18:14:22'),(414,1,'MkKfXlpwFeviGDx9FQpD200Wca8QzXgLt8sBNMHC','127.0.0.1','2026-03-08',1,'01:15:40','2026-03-07 18:15:40','2026-03-07 18:15:40'),(415,1,'MkKfXlpwFeviGDx9FQpD200Wca8QzXgLt8sBNMHC','127.0.0.1','2026-03-08',1,'01:15:53','2026-03-07 18:15:53','2026-03-07 18:15:53'),(416,1,'MkKfXlpwFeviGDx9FQpD200Wca8QzXgLt8sBNMHC','127.0.0.1','2026-03-08',1,'01:16:00','2026-03-07 18:16:00','2026-03-07 18:16:00'),(417,1,'MkKfXlpwFeviGDx9FQpD200Wca8QzXgLt8sBNMHC','127.0.0.1','2026-03-08',1,'01:16:01','2026-03-07 18:16:01','2026-03-07 18:16:01'),(418,1,'MkKfXlpwFeviGDx9FQpD200Wca8QzXgLt8sBNMHC','127.0.0.1','2026-03-08',1,'01:16:02','2026-03-07 18:16:02','2026-03-07 18:16:02'),(419,1,'MkKfXlpwFeviGDx9FQpD200Wca8QzXgLt8sBNMHC','127.0.0.1','2026-03-08',1,'01:16:02','2026-03-07 18:16:02','2026-03-07 18:16:02'),(420,1,'MkKfXlpwFeviGDx9FQpD200Wca8QzXgLt8sBNMHC','127.0.0.1','2026-03-08',1,'01:16:03','2026-03-07 18:16:03','2026-03-07 18:16:03'),(421,1,'MkKfXlpwFeviGDx9FQpD200Wca8QzXgLt8sBNMHC','127.0.0.1','2026-03-08',1,'01:16:04','2026-03-07 18:16:04','2026-03-07 18:16:04'),(422,1,'MkKfXlpwFeviGDx9FQpD200Wca8QzXgLt8sBNMHC','127.0.0.1','2026-03-08',1,'01:16:28','2026-03-07 18:16:28','2026-03-07 18:16:28'),(423,1,'MkKfXlpwFeviGDx9FQpD200Wca8QzXgLt8sBNMHC','127.0.0.1','2026-03-08',1,'01:16:28','2026-03-07 18:16:28','2026-03-07 18:16:28'),(424,1,'MkKfXlpwFeviGDx9FQpD200Wca8QzXgLt8sBNMHC','127.0.0.1','2026-03-08',1,'01:16:28','2026-03-07 18:16:28','2026-03-07 18:16:28'),(425,1,'MkKfXlpwFeviGDx9FQpD200Wca8QzXgLt8sBNMHC','127.0.0.1','2026-03-08',1,'01:16:38','2026-03-07 18:16:38','2026-03-07 18:16:38'),(426,1,'MkKfXlpwFeviGDx9FQpD200Wca8QzXgLt8sBNMHC','127.0.0.1','2026-03-08',1,'01:16:39','2026-03-07 18:16:39','2026-03-07 18:16:39'),(427,1,'MkKfXlpwFeviGDx9FQpD200Wca8QzXgLt8sBNMHC','127.0.0.1','2026-03-08',1,'01:31:33','2026-03-07 18:31:33','2026-03-07 18:31:33'),(428,1,'MkKfXlpwFeviGDx9FQpD200Wca8QzXgLt8sBNMHC','127.0.0.1','2026-03-08',1,'01:31:49','2026-03-07 18:31:49','2026-03-07 18:31:49'),(429,1,'MkKfXlpwFeviGDx9FQpD200Wca8QzXgLt8sBNMHC','127.0.0.1','2026-03-08',1,'01:32:02','2026-03-07 18:32:02','2026-03-07 18:32:02'),(430,1,'MkKfXlpwFeviGDx9FQpD200Wca8QzXgLt8sBNMHC','127.0.0.1','2026-03-08',1,'01:32:08','2026-03-07 18:32:08','2026-03-07 18:32:08'),(431,NULL,'0prcedEyMaSA7mE9sod1MJbivQjMsPD61jdQV2JI','127.0.0.1','2026-03-10',1,'14:30:22','2026-03-10 07:30:23','2026-03-10 07:30:23'),(432,1,'pxQ8noNEJ5Rzwf5J8YLwLKVVrWYAwe9BhIWF8edS','127.0.0.1','2026-03-10',1,'14:30:27','2026-03-10 07:30:27','2026-03-10 07:30:27'),(433,1,'pxQ8noNEJ5Rzwf5J8YLwLKVVrWYAwe9BhIWF8edS','127.0.0.1','2026-03-10',1,'14:30:41','2026-03-10 07:30:41','2026-03-10 07:30:41'),(434,1,'pxQ8noNEJ5Rzwf5J8YLwLKVVrWYAwe9BhIWF8edS','127.0.0.1','2026-03-10',1,'14:30:49','2026-03-10 07:30:49','2026-03-10 07:30:49'),(435,1,'pxQ8noNEJ5Rzwf5J8YLwLKVVrWYAwe9BhIWF8edS','127.0.0.1','2026-03-10',1,'14:31:01','2026-03-10 07:31:01','2026-03-10 07:31:01'),(436,1,'pxQ8noNEJ5Rzwf5J8YLwLKVVrWYAwe9BhIWF8edS','127.0.0.1','2026-03-10',1,'14:31:01','2026-03-10 07:31:01','2026-03-10 07:31:01'),(437,1,'pxQ8noNEJ5Rzwf5J8YLwLKVVrWYAwe9BhIWF8edS','127.0.0.1','2026-03-10',1,'14:31:01','2026-03-10 07:31:01','2026-03-10 07:31:01'),(438,1,'pxQ8noNEJ5Rzwf5J8YLwLKVVrWYAwe9BhIWF8edS','127.0.0.1','2026-03-10',1,'14:35:01','2026-03-10 07:35:01','2026-03-10 07:35:01'),(439,1,'pxQ8noNEJ5Rzwf5J8YLwLKVVrWYAwe9BhIWF8edS','127.0.0.1','2026-03-10',1,'14:35:06','2026-03-10 07:35:06','2026-03-10 07:35:06'),(440,1,'pxQ8noNEJ5Rzwf5J8YLwLKVVrWYAwe9BhIWF8edS','127.0.0.1','2026-03-10',1,'14:35:07','2026-03-10 07:35:07','2026-03-10 07:35:07'),(441,1,'pxQ8noNEJ5Rzwf5J8YLwLKVVrWYAwe9BhIWF8edS','127.0.0.1','2026-03-10',1,'14:35:09','2026-03-10 07:35:09','2026-03-10 07:35:09'),(442,1,'pxQ8noNEJ5Rzwf5J8YLwLKVVrWYAwe9BhIWF8edS','127.0.0.1','2026-03-10',1,'14:35:12','2026-03-10 07:35:12','2026-03-10 07:35:12'),(443,1,'pxQ8noNEJ5Rzwf5J8YLwLKVVrWYAwe9BhIWF8edS','127.0.0.1','2026-03-10',1,'14:35:15','2026-03-10 07:35:15','2026-03-10 07:35:15'),(444,1,'pxQ8noNEJ5Rzwf5J8YLwLKVVrWYAwe9BhIWF8edS','127.0.0.1','2026-03-10',1,'14:35:18','2026-03-10 07:35:18','2026-03-10 07:35:18'),(445,1,'pxQ8noNEJ5Rzwf5J8YLwLKVVrWYAwe9BhIWF8edS','127.0.0.1','2026-03-10',1,'14:35:26','2026-03-10 07:35:26','2026-03-10 07:35:26'),(446,1,'pxQ8noNEJ5Rzwf5J8YLwLKVVrWYAwe9BhIWF8edS','127.0.0.1','2026-03-10',1,'14:36:10','2026-03-10 07:36:10','2026-03-10 07:36:10'),(447,1,'pxQ8noNEJ5Rzwf5J8YLwLKVVrWYAwe9BhIWF8edS','127.0.0.1','2026-03-10',1,'14:36:21','2026-03-10 07:36:21','2026-03-10 07:36:21'),(448,1,'pxQ8noNEJ5Rzwf5J8YLwLKVVrWYAwe9BhIWF8edS','127.0.0.1','2026-03-10',1,'14:36:23','2026-03-10 07:36:23','2026-03-10 07:36:23'),(449,1,'pxQ8noNEJ5Rzwf5J8YLwLKVVrWYAwe9BhIWF8edS','127.0.0.1','2026-03-10',1,'14:36:24','2026-03-10 07:36:24','2026-03-10 07:36:24'),(450,1,'pxQ8noNEJ5Rzwf5J8YLwLKVVrWYAwe9BhIWF8edS','127.0.0.1','2026-03-10',1,'14:36:29','2026-03-10 07:36:29','2026-03-10 07:36:29'),(451,1,'pxQ8noNEJ5Rzwf5J8YLwLKVVrWYAwe9BhIWF8edS','127.0.0.1','2026-03-10',1,'14:36:39','2026-03-10 07:36:39','2026-03-10 07:36:39'),(452,1,'pxQ8noNEJ5Rzwf5J8YLwLKVVrWYAwe9BhIWF8edS','127.0.0.1','2026-03-10',1,'14:36:44','2026-03-10 07:36:44','2026-03-10 07:36:44'),(453,1,'pxQ8noNEJ5Rzwf5J8YLwLKVVrWYAwe9BhIWF8edS','127.0.0.1','2026-03-10',1,'14:36:44','2026-03-10 07:36:44','2026-03-10 07:36:44'),(454,1,'pxQ8noNEJ5Rzwf5J8YLwLKVVrWYAwe9BhIWF8edS','127.0.0.1','2026-03-10',1,'14:36:44','2026-03-10 07:36:44','2026-03-10 07:36:44'),(455,1,'pxQ8noNEJ5Rzwf5J8YLwLKVVrWYAwe9BhIWF8edS','127.0.0.1','2026-03-10',1,'14:37:20','2026-03-10 07:37:20','2026-03-10 07:37:20'),(456,1,'pxQ8noNEJ5Rzwf5J8YLwLKVVrWYAwe9BhIWF8edS','127.0.0.1','2026-03-10',1,'14:37:20','2026-03-10 07:37:20','2026-03-10 07:37:20'),(457,1,'pxQ8noNEJ5Rzwf5J8YLwLKVVrWYAwe9BhIWF8edS','127.0.0.1','2026-03-10',1,'14:37:20','2026-03-10 07:37:20','2026-03-10 07:37:20'),(458,1,'pxQ8noNEJ5Rzwf5J8YLwLKVVrWYAwe9BhIWF8edS','127.0.0.1','2026-03-10',1,'14:37:26','2026-03-10 07:37:26','2026-03-10 07:37:26'),(459,NULL,'0prcedEyMaSA7mE9sod1MJbivQjMsPD61jdQV2JI','127.0.0.1','2026-03-10',1,'14:39:47','2026-03-10 07:39:47','2026-03-10 07:39:47'),(460,NULL,'0prcedEyMaSA7mE9sod1MJbivQjMsPD61jdQV2JI','127.0.0.1','2026-03-10',1,'14:39:50','2026-03-10 07:39:50','2026-03-10 07:39:50'),(461,NULL,'0prcedEyMaSA7mE9sod1MJbivQjMsPD61jdQV2JI','127.0.0.1','2026-03-10',1,'14:39:54','2026-03-10 07:39:54','2026-03-10 07:39:54'),(462,NULL,'0prcedEyMaSA7mE9sod1MJbivQjMsPD61jdQV2JI','127.0.0.1','2026-03-10',1,'14:40:24','2026-03-10 07:40:24','2026-03-10 07:40:24'),(463,NULL,'0prcedEyMaSA7mE9sod1MJbivQjMsPD61jdQV2JI','127.0.0.1','2026-03-10',1,'14:40:29','2026-03-10 07:40:29','2026-03-10 07:40:29'),(464,NULL,'0prcedEyMaSA7mE9sod1MJbivQjMsPD61jdQV2JI','127.0.0.1','2026-03-10',1,'14:40:33','2026-03-10 07:40:33','2026-03-10 07:40:33'),(465,NULL,'0prcedEyMaSA7mE9sod1MJbivQjMsPD61jdQV2JI','127.0.0.1','2026-03-10',1,'14:40:40','2026-03-10 07:40:40','2026-03-10 07:40:40'),(466,NULL,'0prcedEyMaSA7mE9sod1MJbivQjMsPD61jdQV2JI','127.0.0.1','2026-03-10',1,'14:58:35','2026-03-10 07:58:35','2026-03-10 07:58:35'),(467,NULL,'0prcedEyMaSA7mE9sod1MJbivQjMsPD61jdQV2JI','127.0.0.1','2026-03-10',1,'15:09:51','2026-03-10 08:09:51','2026-03-10 08:09:51'),(468,NULL,'0prcedEyMaSA7mE9sod1MJbivQjMsPD61jdQV2JI','127.0.0.1','2026-03-10',1,'15:13:34','2026-03-10 08:13:34','2026-03-10 08:13:34'),(469,1,'pxQ8noNEJ5Rzwf5J8YLwLKVVrWYAwe9BhIWF8edS','127.0.0.1','2026-03-10',1,'15:21:39','2026-03-10 08:21:39','2026-03-10 08:21:39'),(470,NULL,'d0fLptfzZ2fGNICvJDMJexrlZQsCgSQDYXNW9ktm','127.0.0.1','2026-03-10',1,'17:18:54','2026-03-10 10:18:54','2026-03-10 10:18:54'),(471,NULL,'d0fLptfzZ2fGNICvJDMJexrlZQsCgSQDYXNW9ktm','127.0.0.1','2026-03-10',1,'17:19:13','2026-03-10 10:19:13','2026-03-10 10:19:13'),(472,1,'pxQ8noNEJ5Rzwf5J8YLwLKVVrWYAwe9BhIWF8edS','127.0.0.1','2026-03-10',1,'17:19:43','2026-03-10 10:19:43','2026-03-10 10:19:43'),(473,1,'pxQ8noNEJ5Rzwf5J8YLwLKVVrWYAwe9BhIWF8edS','127.0.0.1','2026-03-10',1,'17:19:49','2026-03-10 10:19:49','2026-03-10 10:19:49'),(474,1,'pxQ8noNEJ5Rzwf5J8YLwLKVVrWYAwe9BhIWF8edS','127.0.0.1','2026-03-10',1,'17:19:49','2026-03-10 10:19:49','2026-03-10 10:19:49'),(475,1,'pxQ8noNEJ5Rzwf5J8YLwLKVVrWYAwe9BhIWF8edS','127.0.0.1','2026-03-10',1,'17:19:49','2026-03-10 10:19:49','2026-03-10 10:19:49'),(476,1,'pxQ8noNEJ5Rzwf5J8YLwLKVVrWYAwe9BhIWF8edS','127.0.0.1','2026-03-10',1,'17:19:55','2026-03-10 10:19:55','2026-03-10 10:19:55'),(477,1,'pxQ8noNEJ5Rzwf5J8YLwLKVVrWYAwe9BhIWF8edS','127.0.0.1','2026-03-10',1,'17:19:55','2026-03-10 10:19:55','2026-03-10 10:19:55'),(478,1,'pxQ8noNEJ5Rzwf5J8YLwLKVVrWYAwe9BhIWF8edS','127.0.0.1','2026-03-10',1,'17:20:03','2026-03-10 10:20:03','2026-03-10 10:20:03'),(479,1,'pxQ8noNEJ5Rzwf5J8YLwLKVVrWYAwe9BhIWF8edS','127.0.0.1','2026-03-10',1,'17:20:32','2026-03-10 10:20:32','2026-03-10 10:20:32'),(480,1,'pxQ8noNEJ5Rzwf5J8YLwLKVVrWYAwe9BhIWF8edS','127.0.0.1','2026-03-10',1,'17:20:32','2026-03-10 10:20:32','2026-03-10 10:20:32'),(481,1,'pxQ8noNEJ5Rzwf5J8YLwLKVVrWYAwe9BhIWF8edS','127.0.0.1','2026-03-10',1,'17:20:32','2026-03-10 10:20:32','2026-03-10 10:20:32'),(482,1,'pxQ8noNEJ5Rzwf5J8YLwLKVVrWYAwe9BhIWF8edS','127.0.0.1','2026-03-10',1,'17:20:36','2026-03-10 10:20:36','2026-03-10 10:20:36'),(483,1,'pxQ8noNEJ5Rzwf5J8YLwLKVVrWYAwe9BhIWF8edS','127.0.0.1','2026-03-10',1,'17:20:36','2026-03-10 10:20:36','2026-03-10 10:20:36'),(484,1,'pxQ8noNEJ5Rzwf5J8YLwLKVVrWYAwe9BhIWF8edS','127.0.0.1','2026-03-10',1,'17:20:43','2026-03-10 10:20:43','2026-03-10 10:20:43'),(485,NULL,'d0fLptfzZ2fGNICvJDMJexrlZQsCgSQDYXNW9ktm','127.0.0.1','2026-03-10',1,'17:22:24','2026-03-10 10:22:24','2026-03-10 10:22:24'),(486,NULL,'d0fLptfzZ2fGNICvJDMJexrlZQsCgSQDYXNW9ktm','127.0.0.1','2026-03-10',1,'17:22:25','2026-03-10 10:22:25','2026-03-10 10:22:25'),(487,NULL,'d0fLptfzZ2fGNICvJDMJexrlZQsCgSQDYXNW9ktm','127.0.0.1','2026-03-10',1,'17:22:26','2026-03-10 10:22:26','2026-03-10 10:22:26'),(488,NULL,'d0fLptfzZ2fGNICvJDMJexrlZQsCgSQDYXNW9ktm','127.0.0.1','2026-03-10',1,'17:26:08','2026-03-10 10:26:08','2026-03-10 10:26:08'),(489,NULL,'d0fLptfzZ2fGNICvJDMJexrlZQsCgSQDYXNW9ktm','127.0.0.1','2026-03-10',1,'17:29:22','2026-03-10 10:29:22','2026-03-10 10:29:22'),(490,NULL,'d0fLptfzZ2fGNICvJDMJexrlZQsCgSQDYXNW9ktm','127.0.0.1','2026-03-10',1,'17:29:25','2026-03-10 10:29:25','2026-03-10 10:29:25'),(491,NULL,'d0fLptfzZ2fGNICvJDMJexrlZQsCgSQDYXNW9ktm','127.0.0.1','2026-03-10',1,'17:29:28','2026-03-10 10:29:28','2026-03-10 10:29:28'),(492,NULL,'d0fLptfzZ2fGNICvJDMJexrlZQsCgSQDYXNW9ktm','127.0.0.1','2026-03-10',1,'17:29:30','2026-03-10 10:29:30','2026-03-10 10:29:30'),(493,NULL,'d0fLptfzZ2fGNICvJDMJexrlZQsCgSQDYXNW9ktm','127.0.0.1','2026-03-10',1,'17:34:56','2026-03-10 10:34:56','2026-03-10 10:34:56'),(494,NULL,'d0fLptfzZ2fGNICvJDMJexrlZQsCgSQDYXNW9ktm','127.0.0.1','2026-03-10',1,'17:34:59','2026-03-10 10:34:59','2026-03-10 10:34:59'),(495,NULL,'d0fLptfzZ2fGNICvJDMJexrlZQsCgSQDYXNW9ktm','127.0.0.1','2026-03-10',1,'17:35:12','2026-03-10 10:35:12','2026-03-10 10:35:12'),(496,NULL,'d0fLptfzZ2fGNICvJDMJexrlZQsCgSQDYXNW9ktm','127.0.0.1','2026-03-10',1,'17:35:17','2026-03-10 10:35:17','2026-03-10 10:35:17'),(497,NULL,'d0fLptfzZ2fGNICvJDMJexrlZQsCgSQDYXNW9ktm','127.0.0.1','2026-03-10',1,'17:36:33','2026-03-10 10:36:33','2026-03-10 10:36:33'),(498,1,'pxQ8noNEJ5Rzwf5J8YLwLKVVrWYAwe9BhIWF8edS','127.0.0.1','2026-03-10',1,'17:43:04','2026-03-10 10:43:04','2026-03-10 10:43:04'),(499,1,'pxQ8noNEJ5Rzwf5J8YLwLKVVrWYAwe9BhIWF8edS','127.0.0.1','2026-03-10',1,'17:43:04','2026-03-10 10:43:04','2026-03-10 10:43:04'),(500,1,'pxQ8noNEJ5Rzwf5J8YLwLKVVrWYAwe9BhIWF8edS','127.0.0.1','2026-03-10',1,'17:43:09','2026-03-10 10:43:09','2026-03-10 10:43:09'),(501,1,'pxQ8noNEJ5Rzwf5J8YLwLKVVrWYAwe9BhIWF8edS','127.0.0.1','2026-03-10',1,'17:43:14','2026-03-10 10:43:14','2026-03-10 10:43:14'),(502,1,'pxQ8noNEJ5Rzwf5J8YLwLKVVrWYAwe9BhIWF8edS','127.0.0.1','2026-03-10',1,'17:43:19','2026-03-10 10:43:19','2026-03-10 10:43:19'),(503,1,'pxQ8noNEJ5Rzwf5J8YLwLKVVrWYAwe9BhIWF8edS','127.0.0.1','2026-03-10',1,'17:43:24','2026-03-10 10:43:24','2026-03-10 10:43:24'),(504,1,'pxQ8noNEJ5Rzwf5J8YLwLKVVrWYAwe9BhIWF8edS','127.0.0.1','2026-03-10',1,'17:43:29','2026-03-10 10:43:29','2026-03-10 10:43:29'),(505,1,'pxQ8noNEJ5Rzwf5J8YLwLKVVrWYAwe9BhIWF8edS','127.0.0.1','2026-03-10',1,'17:43:50','2026-03-10 10:43:50','2026-03-10 10:43:50'),(506,1,'pxQ8noNEJ5Rzwf5J8YLwLKVVrWYAwe9BhIWF8edS','127.0.0.1','2026-03-10',1,'17:49:08','2026-03-10 10:49:08','2026-03-10 10:49:08'),(507,1,'pxQ8noNEJ5Rzwf5J8YLwLKVVrWYAwe9BhIWF8edS','127.0.0.1','2026-03-10',1,'17:49:08','2026-03-10 10:49:08','2026-03-10 10:49:08'),(508,1,'VyImvHqLNMPORhJY13h9iR4pkt7lujztuWXAHWcj','127.0.0.1','2026-03-10',1,'22:36:25','2026-03-10 15:36:25','2026-03-10 15:36:25'),(509,1,'VyImvHqLNMPORhJY13h9iR4pkt7lujztuWXAHWcj','127.0.0.1','2026-03-10',1,'22:36:25','2026-03-10 15:36:25','2026-03-10 15:36:25'),(510,1,'VyImvHqLNMPORhJY13h9iR4pkt7lujztuWXAHWcj','127.0.0.1','2026-03-10',1,'22:36:30','2026-03-10 15:36:30','2026-03-10 15:36:30'),(511,1,'VyImvHqLNMPORhJY13h9iR4pkt7lujztuWXAHWcj','127.0.0.1','2026-03-10',1,'22:36:35','2026-03-10 15:36:35','2026-03-10 15:36:35'),(512,1,'VyImvHqLNMPORhJY13h9iR4pkt7lujztuWXAHWcj','127.0.0.1','2026-03-10',1,'22:36:40','2026-03-10 15:36:40','2026-03-10 15:36:40'),(513,1,'VyImvHqLNMPORhJY13h9iR4pkt7lujztuWXAHWcj','127.0.0.1','2026-03-10',1,'22:36:45','2026-03-10 15:36:45','2026-03-10 15:36:45'),(514,1,'VyImvHqLNMPORhJY13h9iR4pkt7lujztuWXAHWcj','127.0.0.1','2026-03-10',1,'22:36:50','2026-03-10 15:36:50','2026-03-10 15:36:50'),(515,1,'VyImvHqLNMPORhJY13h9iR4pkt7lujztuWXAHWcj','127.0.0.1','2026-03-10',1,'22:36:55','2026-03-10 15:36:55','2026-03-10 15:36:55'),(516,1,'VyImvHqLNMPORhJY13h9iR4pkt7lujztuWXAHWcj','127.0.0.1','2026-03-10',1,'22:37:00','2026-03-10 15:37:00','2026-03-10 15:37:00'),(517,1,'VyImvHqLNMPORhJY13h9iR4pkt7lujztuWXAHWcj','127.0.0.1','2026-03-10',1,'22:38:09','2026-03-10 15:38:09','2026-03-10 15:38:09'),(518,1,'VyImvHqLNMPORhJY13h9iR4pkt7lujztuWXAHWcj','127.0.0.1','2026-03-10',1,'22:38:12','2026-03-10 15:38:12','2026-03-10 15:38:12'),(519,1,'VyImvHqLNMPORhJY13h9iR4pkt7lujztuWXAHWcj','127.0.0.1','2026-03-10',1,'22:38:52','2026-03-10 15:38:52','2026-03-10 15:38:52'),(520,1,'VyImvHqLNMPORhJY13h9iR4pkt7lujztuWXAHWcj','127.0.0.1','2026-03-10',1,'22:40:02','2026-03-10 15:40:02','2026-03-10 15:40:02'),(521,1,'VyImvHqLNMPORhJY13h9iR4pkt7lujztuWXAHWcj','127.0.0.1','2026-03-10',1,'22:40:02','2026-03-10 15:40:02','2026-03-10 15:40:02'),(522,1,'VyImvHqLNMPORhJY13h9iR4pkt7lujztuWXAHWcj','127.0.0.1','2026-03-10',1,'22:40:02','2026-03-10 15:40:02','2026-03-10 15:40:02'),(523,1,'VyImvHqLNMPORhJY13h9iR4pkt7lujztuWXAHWcj','127.0.0.1','2026-03-10',1,'22:40:06','2026-03-10 15:40:06','2026-03-10 15:40:06'),(524,1,'VyImvHqLNMPORhJY13h9iR4pkt7lujztuWXAHWcj','127.0.0.1','2026-03-10',1,'22:40:06','2026-03-10 15:40:06','2026-03-10 15:40:06'),(525,1,'VyImvHqLNMPORhJY13h9iR4pkt7lujztuWXAHWcj','127.0.0.1','2026-03-10',1,'22:40:06','2026-03-10 15:40:06','2026-03-10 15:40:06'),(526,NULL,'CIUhdILXubn8hgeInjpJxvi8BUnHIAEwODQaC9mU','127.0.0.1','2026-03-10',1,'22:40:17','2026-03-10 15:40:17','2026-03-10 15:40:17'),(527,NULL,'CIUhdILXubn8hgeInjpJxvi8BUnHIAEwODQaC9mU','127.0.0.1','2026-03-10',1,'22:40:18','2026-03-10 15:40:18','2026-03-10 15:40:18'),(528,NULL,'CIUhdILXubn8hgeInjpJxvi8BUnHIAEwODQaC9mU','127.0.0.1','2026-03-10',1,'22:40:20','2026-03-10 15:40:20','2026-03-10 15:40:20'),(529,NULL,'CIUhdILXubn8hgeInjpJxvi8BUnHIAEwODQaC9mU','127.0.0.1','2026-03-10',1,'22:40:22','2026-03-10 15:40:22','2026-03-10 15:40:22'),(530,NULL,'CIUhdILXubn8hgeInjpJxvi8BUnHIAEwODQaC9mU','127.0.0.1','2026-03-10',1,'22:40:27','2026-03-10 15:40:27','2026-03-10 15:40:27'),(531,NULL,'CIUhdILXubn8hgeInjpJxvi8BUnHIAEwODQaC9mU','127.0.0.1','2026-03-10',1,'22:40:30','2026-03-10 15:40:30','2026-03-10 15:40:30'),(532,NULL,'CIUhdILXubn8hgeInjpJxvi8BUnHIAEwODQaC9mU','127.0.0.1','2026-03-10',1,'22:40:35','2026-03-10 15:40:35','2026-03-10 15:40:35'),(533,1,'VyImvHqLNMPORhJY13h9iR4pkt7lujztuWXAHWcj','127.0.0.1','2026-03-10',1,'22:41:12','2026-03-10 15:41:12','2026-03-10 15:41:12'),(534,1,'VyImvHqLNMPORhJY13h9iR4pkt7lujztuWXAHWcj','127.0.0.1','2026-03-10',1,'22:41:25','2026-03-10 15:41:25','2026-03-10 15:41:25'),(535,1,'VyImvHqLNMPORhJY13h9iR4pkt7lujztuWXAHWcj','127.0.0.1','2026-03-10',1,'22:41:25','2026-03-10 15:41:25','2026-03-10 15:41:25'),(536,1,'VyImvHqLNMPORhJY13h9iR4pkt7lujztuWXAHWcj','127.0.0.1','2026-03-10',1,'22:41:30','2026-03-10 15:41:30','2026-03-10 15:41:30'),(537,1,'VyImvHqLNMPORhJY13h9iR4pkt7lujztuWXAHWcj','127.0.0.1','2026-03-10',1,'22:41:31','2026-03-10 15:41:31','2026-03-10 15:41:31'),(538,1,'VyImvHqLNMPORhJY13h9iR4pkt7lujztuWXAHWcj','127.0.0.1','2026-03-10',1,'22:41:32','2026-03-10 15:41:32','2026-03-10 15:41:32'),(539,1,'VyImvHqLNMPORhJY13h9iR4pkt7lujztuWXAHWcj','127.0.0.1','2026-03-10',1,'22:41:39','2026-03-10 15:41:39','2026-03-10 15:41:39'),(540,NULL,'GkHx5gaYKStEyed2OESya8Tiyu9l66NvjPS7dfO3','127.0.0.1','2026-03-24',1,'16:24:22','2026-03-24 09:24:22','2026-03-24 09:24:22'),(541,1,'wYrus3cDTPfjHScwU0HB7cdSSLE1K42NpraUU8iS','127.0.0.1','2026-03-24',1,'16:24:30','2026-03-24 09:24:30','2026-03-24 09:24:30'),(542,1,'wYrus3cDTPfjHScwU0HB7cdSSLE1K42NpraUU8iS','127.0.0.1','2026-03-24',1,'16:24:30','2026-03-24 09:24:30','2026-03-24 09:24:30'),(543,1,'wYrus3cDTPfjHScwU0HB7cdSSLE1K42NpraUU8iS','127.0.0.1','2026-03-24',1,'16:24:35','2026-03-24 09:24:35','2026-03-24 09:24:35'),(544,1,'wYrus3cDTPfjHScwU0HB7cdSSLE1K42NpraUU8iS','127.0.0.1','2026-03-24',1,'16:24:40','2026-03-24 09:24:40','2026-03-24 09:24:40'),(545,1,'wYrus3cDTPfjHScwU0HB7cdSSLE1K42NpraUU8iS','127.0.0.1','2026-03-24',1,'16:24:45','2026-03-24 09:24:45','2026-03-24 09:24:45'),(546,NULL,'GkHx5gaYKStEyed2OESya8Tiyu9l66NvjPS7dfO3','127.0.0.1','2026-03-24',1,'16:24:51','2026-03-24 09:24:51','2026-03-24 09:24:51'),(547,1,'wYrus3cDTPfjHScwU0HB7cdSSLE1K42NpraUU8iS','127.0.0.1','2026-03-24',1,'16:25:01','2026-03-24 09:25:01','2026-03-24 09:25:01'),(548,NULL,'GkHx5gaYKStEyed2OESya8Tiyu9l66NvjPS7dfO3','127.0.0.1','2026-03-24',1,'16:25:10','2026-03-24 09:25:10','2026-03-24 09:25:10'),(549,1,'wYrus3cDTPfjHScwU0HB7cdSSLE1K42NpraUU8iS','127.0.0.1','2026-03-24',1,'16:25:46','2026-03-24 09:25:46','2026-03-24 09:25:46'),(550,NULL,'GkHx5gaYKStEyed2OESya8Tiyu9l66NvjPS7dfO3','127.0.0.1','2026-03-24',1,'16:26:53','2026-03-24 09:26:53','2026-03-24 09:26:53'),(551,NULL,'GkHx5gaYKStEyed2OESya8Tiyu9l66NvjPS7dfO3','127.0.0.1','2026-03-24',1,'16:27:05','2026-03-24 09:27:05','2026-03-24 09:27:05'),(552,NULL,'GkHx5gaYKStEyed2OESya8Tiyu9l66NvjPS7dfO3','127.0.0.1','2026-03-24',1,'16:27:09','2026-03-24 09:27:09','2026-03-24 09:27:09'),(553,NULL,'GkHx5gaYKStEyed2OESya8Tiyu9l66NvjPS7dfO3','127.0.0.1','2026-03-24',1,'16:30:30','2026-03-24 09:30:30','2026-03-24 09:30:30'),(554,NULL,'GkHx5gaYKStEyed2OESya8Tiyu9l66NvjPS7dfO3','127.0.0.1','2026-03-24',1,'16:30:37','2026-03-24 09:30:37','2026-03-24 09:30:37'),(555,1,'wYrus3cDTPfjHScwU0HB7cdSSLE1K42NpraUU8iS','127.0.0.1','2026-03-24',1,'16:31:33','2026-03-24 09:31:33','2026-03-24 09:31:33'),(556,1,'wYrus3cDTPfjHScwU0HB7cdSSLE1K42NpraUU8iS','127.0.0.1','2026-03-24',1,'16:31:35','2026-03-24 09:31:35','2026-03-24 09:31:35'),(557,1,'wYrus3cDTPfjHScwU0HB7cdSSLE1K42NpraUU8iS','127.0.0.1','2026-03-24',1,'16:31:35','2026-03-24 09:31:35','2026-03-24 09:31:35'),(558,1,'wYrus3cDTPfjHScwU0HB7cdSSLE1K42NpraUU8iS','127.0.0.1','2026-03-24',1,'16:31:35','2026-03-24 09:31:35','2026-03-24 09:31:35'),(559,1,'wYrus3cDTPfjHScwU0HB7cdSSLE1K42NpraUU8iS','127.0.0.1','2026-03-24',1,'16:31:40','2026-03-24 09:31:40','2026-03-24 09:31:40'),(560,1,'wYrus3cDTPfjHScwU0HB7cdSSLE1K42NpraUU8iS','127.0.0.1','2026-03-24',1,'16:31:45','2026-03-24 09:31:45','2026-03-24 09:31:45'),(561,1,'wYrus3cDTPfjHScwU0HB7cdSSLE1K42NpraUU8iS','127.0.0.1','2026-03-24',1,'16:31:50','2026-03-24 09:31:50','2026-03-24 09:31:50'),(562,1,'wYrus3cDTPfjHScwU0HB7cdSSLE1K42NpraUU8iS','127.0.0.1','2026-03-24',1,'16:31:55','2026-03-24 09:31:55','2026-03-24 09:31:55'),(563,1,'wYrus3cDTPfjHScwU0HB7cdSSLE1K42NpraUU8iS','127.0.0.1','2026-03-24',1,'16:32:00','2026-03-24 09:32:00','2026-03-24 09:32:00'),(564,1,'wYrus3cDTPfjHScwU0HB7cdSSLE1K42NpraUU8iS','127.0.0.1','2026-03-24',1,'16:32:02','2026-03-24 09:32:02','2026-03-24 09:32:02'),(565,1,'wYrus3cDTPfjHScwU0HB7cdSSLE1K42NpraUU8iS','127.0.0.1','2026-03-24',1,'16:32:07','2026-03-24 09:32:07','2026-03-24 09:32:07'),(566,1,'wYrus3cDTPfjHScwU0HB7cdSSLE1K42NpraUU8iS','127.0.0.1','2026-03-24',1,'16:32:58','2026-03-24 09:32:58','2026-03-24 09:32:58'),(567,1,'wYrus3cDTPfjHScwU0HB7cdSSLE1K42NpraUU8iS','127.0.0.1','2026-03-24',1,'16:34:17','2026-03-24 09:34:17','2026-03-24 09:34:17'),(568,1,'wYrus3cDTPfjHScwU0HB7cdSSLE1K42NpraUU8iS','127.0.0.1','2026-03-24',1,'16:34:20','2026-03-24 09:34:20','2026-03-24 09:34:20'),(569,1,'wYrus3cDTPfjHScwU0HB7cdSSLE1K42NpraUU8iS','127.0.0.1','2026-03-24',1,'16:35:32','2026-03-24 09:35:32','2026-03-24 09:35:32'),(570,1,'wYrus3cDTPfjHScwU0HB7cdSSLE1K42NpraUU8iS','127.0.0.1','2026-03-24',1,'16:35:32','2026-03-24 09:35:32','2026-03-24 09:35:32'),(571,1,'wYrus3cDTPfjHScwU0HB7cdSSLE1K42NpraUU8iS','127.0.0.1','2026-03-24',1,'16:35:32','2026-03-24 09:35:32','2026-03-24 09:35:32'),(572,1,'wYrus3cDTPfjHScwU0HB7cdSSLE1K42NpraUU8iS','127.0.0.1','2026-03-24',1,'16:35:35','2026-03-24 09:35:35','2026-03-24 09:35:35'),(573,1,'wYrus3cDTPfjHScwU0HB7cdSSLE1K42NpraUU8iS','127.0.0.1','2026-03-24',1,'16:35:35','2026-03-24 09:35:35','2026-03-24 09:35:35'),(574,1,'wYrus3cDTPfjHScwU0HB7cdSSLE1K42NpraUU8iS','127.0.0.1','2026-03-24',1,'16:35:35','2026-03-24 09:35:35','2026-03-24 09:35:35'),(575,NULL,'GkHx5gaYKStEyed2OESya8Tiyu9l66NvjPS7dfO3','127.0.0.1','2026-03-24',1,'16:35:41','2026-03-24 09:35:41','2026-03-24 09:35:41'),(576,NULL,'GkHx5gaYKStEyed2OESya8Tiyu9l66NvjPS7dfO3','127.0.0.1','2026-03-24',1,'16:35:43','2026-03-24 09:35:43','2026-03-24 09:35:43'),(577,1,'wYrus3cDTPfjHScwU0HB7cdSSLE1K42NpraUU8iS','127.0.0.1','2026-03-24',1,'16:35:44','2026-03-24 09:35:44','2026-03-24 09:35:44'),(578,NULL,'GkHx5gaYKStEyed2OESya8Tiyu9l66NvjPS7dfO3','127.0.0.1','2026-03-24',1,'16:35:46','2026-03-24 09:35:46','2026-03-24 09:35:46'),(579,1,'wYrus3cDTPfjHScwU0HB7cdSSLE1K42NpraUU8iS','127.0.0.1','2026-03-24',1,'16:40:09','2026-03-24 09:40:09','2026-03-24 09:40:09'),(580,1,'wYrus3cDTPfjHScwU0HB7cdSSLE1K42NpraUU8iS','127.0.0.1','2026-03-24',1,'16:40:18','2026-03-24 09:40:18','2026-03-24 09:40:18'),(581,1,'wYrus3cDTPfjHScwU0HB7cdSSLE1K42NpraUU8iS','127.0.0.1','2026-03-24',1,'16:40:18','2026-03-24 09:40:18','2026-03-24 09:40:18'),(582,1,'wYrus3cDTPfjHScwU0HB7cdSSLE1K42NpraUU8iS','127.0.0.1','2026-03-24',1,'16:40:18','2026-03-24 09:40:18','2026-03-24 09:40:18'),(583,1,'wYrus3cDTPfjHScwU0HB7cdSSLE1K42NpraUU8iS','127.0.0.1','2026-03-24',1,'16:40:21','2026-03-24 09:40:21','2026-03-24 09:40:21'),(584,1,'wYrus3cDTPfjHScwU0HB7cdSSLE1K42NpraUU8iS','127.0.0.1','2026-03-24',1,'16:40:21','2026-03-24 09:40:21','2026-03-24 09:40:21'),(585,1,'wYrus3cDTPfjHScwU0HB7cdSSLE1K42NpraUU8iS','127.0.0.1','2026-03-24',1,'16:40:27','2026-03-24 09:40:27','2026-03-24 09:40:27'),(586,NULL,'GkHx5gaYKStEyed2OESya8Tiyu9l66NvjPS7dfO3','127.0.0.1','2026-03-24',1,'16:40:30','2026-03-24 09:40:30','2026-03-24 09:40:30'),(587,1,'wYrus3cDTPfjHScwU0HB7cdSSLE1K42NpraUU8iS','127.0.0.1','2026-03-24',1,'16:43:20','2026-03-24 09:43:20','2026-03-24 09:43:20'),(588,1,'wYrus3cDTPfjHScwU0HB7cdSSLE1K42NpraUU8iS','127.0.0.1','2026-03-24',1,'16:43:23','2026-03-24 09:43:23','2026-03-24 09:43:23'),(589,1,'wYrus3cDTPfjHScwU0HB7cdSSLE1K42NpraUU8iS','127.0.0.1','2026-03-24',1,'16:43:23','2026-03-24 09:43:23','2026-03-24 09:43:23'),(590,NULL,'GkHx5gaYKStEyed2OESya8Tiyu9l66NvjPS7dfO3','127.0.0.1','2026-03-24',1,'16:43:30','2026-03-24 09:43:30','2026-03-24 09:43:30'),(591,1,'wYrus3cDTPfjHScwU0HB7cdSSLE1K42NpraUU8iS','127.0.0.1','2026-03-24',1,'16:43:32','2026-03-24 09:43:32','2026-03-24 09:43:32'),(592,NULL,'GkHx5gaYKStEyed2OESya8Tiyu9l66NvjPS7dfO3','127.0.0.1','2026-03-24',1,'16:43:33','2026-03-24 09:43:33','2026-03-24 09:43:33'),(593,1,'wYrus3cDTPfjHScwU0HB7cdSSLE1K42NpraUU8iS','127.0.0.1','2026-03-24',1,'16:48:47','2026-03-24 09:48:47','2026-03-24 09:48:47'),(594,1,'wYrus3cDTPfjHScwU0HB7cdSSLE1K42NpraUU8iS','127.0.0.1','2026-03-24',1,'16:48:54','2026-03-24 09:48:54','2026-03-24 09:48:54'),(595,1,'wYrus3cDTPfjHScwU0HB7cdSSLE1K42NpraUU8iS','127.0.0.1','2026-03-24',1,'16:48:57','2026-03-24 09:48:57','2026-03-24 09:48:57'),(596,1,'wYrus3cDTPfjHScwU0HB7cdSSLE1K42NpraUU8iS','127.0.0.1','2026-03-24',1,'16:49:57','2026-03-24 09:49:57','2026-03-24 09:49:57'),(597,1,'wYrus3cDTPfjHScwU0HB7cdSSLE1K42NpraUU8iS','127.0.0.1','2026-03-24',1,'16:50:14','2026-03-24 09:50:14','2026-03-24 09:50:14'),(598,1,'wYrus3cDTPfjHScwU0HB7cdSSLE1K42NpraUU8iS','127.0.0.1','2026-03-24',1,'16:50:55','2026-03-24 09:50:55','2026-03-24 09:50:55'),(599,1,'wYrus3cDTPfjHScwU0HB7cdSSLE1K42NpraUU8iS','127.0.0.1','2026-03-24',1,'16:51:03','2026-03-24 09:51:03','2026-03-24 09:51:03'),(600,1,'wYrus3cDTPfjHScwU0HB7cdSSLE1K42NpraUU8iS','127.0.0.1','2026-03-24',1,'16:51:03','2026-03-24 09:51:03','2026-03-24 09:51:03'),(601,1,'wYrus3cDTPfjHScwU0HB7cdSSLE1K42NpraUU8iS','127.0.0.1','2026-03-24',1,'16:51:03','2026-03-24 09:51:03','2026-03-24 09:51:03'),(602,1,'wYrus3cDTPfjHScwU0HB7cdSSLE1K42NpraUU8iS','127.0.0.1','2026-03-24',1,'16:51:06','2026-03-24 09:51:06','2026-03-24 09:51:06'),(603,1,'wYrus3cDTPfjHScwU0HB7cdSSLE1K42NpraUU8iS','127.0.0.1','2026-03-24',1,'16:51:06','2026-03-24 09:51:06','2026-03-24 09:51:06'),(604,1,'wYrus3cDTPfjHScwU0HB7cdSSLE1K42NpraUU8iS','127.0.0.1','2026-03-24',1,'16:51:38','2026-03-24 09:51:38','2026-03-24 09:51:38'),(605,1,'wYrus3cDTPfjHScwU0HB7cdSSLE1K42NpraUU8iS','127.0.0.1','2026-03-24',1,'16:51:38','2026-03-24 09:51:38','2026-03-24 09:51:38'),(606,1,'wYrus3cDTPfjHScwU0HB7cdSSLE1K42NpraUU8iS','127.0.0.1','2026-03-24',1,'16:51:38','2026-03-24 09:51:38','2026-03-24 09:51:38'),(607,1,'wYrus3cDTPfjHScwU0HB7cdSSLE1K42NpraUU8iS','127.0.0.1','2026-03-24',1,'16:51:44','2026-03-24 09:51:44','2026-03-24 09:51:44'),(608,1,'wYrus3cDTPfjHScwU0HB7cdSSLE1K42NpraUU8iS','127.0.0.1','2026-03-24',1,'16:51:44','2026-03-24 09:51:44','2026-03-24 09:51:44'),(609,1,'wYrus3cDTPfjHScwU0HB7cdSSLE1K42NpraUU8iS','127.0.0.1','2026-03-24',1,'16:51:44','2026-03-24 09:51:44','2026-03-24 09:51:44'),(610,1,'wYrus3cDTPfjHScwU0HB7cdSSLE1K42NpraUU8iS','127.0.0.1','2026-03-24',1,'16:51:51','2026-03-24 09:51:51','2026-03-24 09:51:51'),(611,1,'wYrus3cDTPfjHScwU0HB7cdSSLE1K42NpraUU8iS','127.0.0.1','2026-03-24',1,'16:51:55','2026-03-24 09:51:55','2026-03-24 09:51:55'),(612,1,'wYrus3cDTPfjHScwU0HB7cdSSLE1K42NpraUU8iS','127.0.0.1','2026-03-24',1,'16:52:05','2026-03-24 09:52:05','2026-03-24 09:52:05'),(613,1,'wYrus3cDTPfjHScwU0HB7cdSSLE1K42NpraUU8iS','127.0.0.1','2026-03-24',1,'16:52:07','2026-03-24 09:52:07','2026-03-24 09:52:07'),(614,1,'wYrus3cDTPfjHScwU0HB7cdSSLE1K42NpraUU8iS','127.0.0.1','2026-03-24',1,'16:52:07','2026-03-24 09:52:07','2026-03-24 09:52:07'),(615,1,'wYrus3cDTPfjHScwU0HB7cdSSLE1K42NpraUU8iS','127.0.0.1','2026-03-24',1,'16:52:13','2026-03-24 09:52:13','2026-03-24 09:52:13'),(616,1,'wYrus3cDTPfjHScwU0HB7cdSSLE1K42NpraUU8iS','127.0.0.1','2026-03-24',1,'16:52:26','2026-03-24 09:52:26','2026-03-24 09:52:26'),(617,1,'wYrus3cDTPfjHScwU0HB7cdSSLE1K42NpraUU8iS','127.0.0.1','2026-03-24',1,'16:52:28','2026-03-24 09:52:28','2026-03-24 09:52:28'),(618,1,'wYrus3cDTPfjHScwU0HB7cdSSLE1K42NpraUU8iS','127.0.0.1','2026-03-24',1,'16:52:28','2026-03-24 09:52:28','2026-03-24 09:52:28'),(619,1,'wYrus3cDTPfjHScwU0HB7cdSSLE1K42NpraUU8iS','127.0.0.1','2026-03-24',1,'16:52:28','2026-03-24 09:52:28','2026-03-24 09:52:28'),(620,1,'wYrus3cDTPfjHScwU0HB7cdSSLE1K42NpraUU8iS','127.0.0.1','2026-03-24',1,'16:52:41','2026-03-24 09:52:41','2026-03-24 09:52:41'),(621,1,'wYrus3cDTPfjHScwU0HB7cdSSLE1K42NpraUU8iS','127.0.0.1','2026-03-24',1,'16:54:04','2026-03-24 09:54:04','2026-03-24 09:54:04'),(622,1,'wYrus3cDTPfjHScwU0HB7cdSSLE1K42NpraUU8iS','127.0.0.1','2026-03-24',1,'16:54:04','2026-03-24 09:54:04','2026-03-24 09:54:04'),(623,1,'wYrus3cDTPfjHScwU0HB7cdSSLE1K42NpraUU8iS','127.0.0.1','2026-03-24',1,'16:54:04','2026-03-24 09:54:04','2026-03-24 09:54:04'),(624,1,'wYrus3cDTPfjHScwU0HB7cdSSLE1K42NpraUU8iS','127.0.0.1','2026-03-24',1,'16:57:06','2026-03-24 09:57:06','2026-03-24 09:57:06'),(625,1,'wYrus3cDTPfjHScwU0HB7cdSSLE1K42NpraUU8iS','127.0.0.1','2026-03-24',1,'16:57:12','2026-03-24 09:57:12','2026-03-24 09:57:12'),(626,1,'wYrus3cDTPfjHScwU0HB7cdSSLE1K42NpraUU8iS','127.0.0.1','2026-03-24',1,'16:57:14','2026-03-24 09:57:14','2026-03-24 09:57:14'),(627,1,'wYrus3cDTPfjHScwU0HB7cdSSLE1K42NpraUU8iS','127.0.0.1','2026-03-24',1,'16:57:15','2026-03-24 09:57:15','2026-03-24 09:57:15'),(628,1,'wYrus3cDTPfjHScwU0HB7cdSSLE1K42NpraUU8iS','127.0.0.1','2026-03-24',1,'16:57:22','2026-03-24 09:57:22','2026-03-24 09:57:22'),(629,1,'wYrus3cDTPfjHScwU0HB7cdSSLE1K42NpraUU8iS','127.0.0.1','2026-03-24',1,'16:57:22','2026-03-24 09:57:22','2026-03-24 09:57:22'),(630,1,'wYrus3cDTPfjHScwU0HB7cdSSLE1K42NpraUU8iS','127.0.0.1','2026-03-24',1,'16:57:22','2026-03-24 09:57:22','2026-03-24 09:57:22'),(631,1,'wYrus3cDTPfjHScwU0HB7cdSSLE1K42NpraUU8iS','127.0.0.1','2026-03-24',1,'16:57:25','2026-03-24 09:57:25','2026-03-24 09:57:25'),(632,1,'wYrus3cDTPfjHScwU0HB7cdSSLE1K42NpraUU8iS','127.0.0.1','2026-03-24',1,'16:57:25','2026-03-24 09:57:25','2026-03-24 09:57:25'),(633,1,'wYrus3cDTPfjHScwU0HB7cdSSLE1K42NpraUU8iS','127.0.0.1','2026-03-24',1,'16:57:25','2026-03-24 09:57:25','2026-03-24 09:57:25'),(634,1,'wYrus3cDTPfjHScwU0HB7cdSSLE1K42NpraUU8iS','127.0.0.1','2026-03-24',1,'16:57:30','2026-03-24 09:57:30','2026-03-24 09:57:30'),(635,1,'wYrus3cDTPfjHScwU0HB7cdSSLE1K42NpraUU8iS','127.0.0.1','2026-03-24',1,'16:57:34','2026-03-24 09:57:34','2026-03-24 09:57:34'),(636,1,'wYrus3cDTPfjHScwU0HB7cdSSLE1K42NpraUU8iS','127.0.0.1','2026-03-24',1,'16:57:36','2026-03-24 09:57:36','2026-03-24 09:57:36'),(637,1,'wYrus3cDTPfjHScwU0HB7cdSSLE1K42NpraUU8iS','127.0.0.1','2026-03-24',1,'16:57:36','2026-03-24 09:57:36','2026-03-24 09:57:36'),(638,1,'wYrus3cDTPfjHScwU0HB7cdSSLE1K42NpraUU8iS','127.0.0.1','2026-03-24',1,'16:57:38','2026-03-24 09:57:38','2026-03-24 09:57:38'),(639,1,'wYrus3cDTPfjHScwU0HB7cdSSLE1K42NpraUU8iS','127.0.0.1','2026-03-24',1,'16:57:39','2026-03-24 09:57:39','2026-03-24 09:57:39'),(640,1,'wYrus3cDTPfjHScwU0HB7cdSSLE1K42NpraUU8iS','127.0.0.1','2026-03-24',1,'16:57:39','2026-03-24 09:57:39','2026-03-24 09:57:39'),(641,1,'wYrus3cDTPfjHScwU0HB7cdSSLE1K42NpraUU8iS','127.0.0.1','2026-03-24',1,'16:57:42','2026-03-24 09:57:42','2026-03-24 09:57:42'),(642,1,'wYrus3cDTPfjHScwU0HB7cdSSLE1K42NpraUU8iS','127.0.0.1','2026-03-24',1,'16:59:11','2026-03-24 09:59:11','2026-03-24 09:59:11'),(643,1,'wYrus3cDTPfjHScwU0HB7cdSSLE1K42NpraUU8iS','127.0.0.1','2026-03-24',1,'16:59:12','2026-03-24 09:59:12','2026-03-24 09:59:12'),(644,1,'wYrus3cDTPfjHScwU0HB7cdSSLE1K42NpraUU8iS','127.0.0.1','2026-03-24',1,'16:59:12','2026-03-24 09:59:12','2026-03-24 09:59:12'),(645,1,'wYrus3cDTPfjHScwU0HB7cdSSLE1K42NpraUU8iS','127.0.0.1','2026-03-24',1,'16:59:14','2026-03-24 09:59:14','2026-03-24 09:59:14'),(646,1,'wYrus3cDTPfjHScwU0HB7cdSSLE1K42NpraUU8iS','127.0.0.1','2026-03-24',1,'16:59:14','2026-03-24 09:59:14','2026-03-24 09:59:14'),(647,1,'wYrus3cDTPfjHScwU0HB7cdSSLE1K42NpraUU8iS','127.0.0.1','2026-03-24',1,'16:59:14','2026-03-24 09:59:14','2026-03-24 09:59:14'),(648,1,'wYrus3cDTPfjHScwU0HB7cdSSLE1K42NpraUU8iS','127.0.0.1','2026-03-24',1,'16:59:20','2026-03-24 09:59:20','2026-03-24 09:59:20'),(649,NULL,'GkHx5gaYKStEyed2OESya8Tiyu9l66NvjPS7dfO3','127.0.0.1','2026-03-24',1,'16:59:22','2026-03-24 09:59:22','2026-03-24 09:59:22'),(650,NULL,'GkHx5gaYKStEyed2OESya8Tiyu9l66NvjPS7dfO3','127.0.0.1','2026-03-24',1,'16:59:27','2026-03-24 09:59:27','2026-03-24 09:59:27'),(651,NULL,'GkHx5gaYKStEyed2OESya8Tiyu9l66NvjPS7dfO3','127.0.0.1','2026-03-24',1,'16:59:35','2026-03-24 09:59:35','2026-03-24 09:59:35'),(652,NULL,'GkHx5gaYKStEyed2OESya8Tiyu9l66NvjPS7dfO3','127.0.0.1','2026-03-24',1,'16:59:39','2026-03-24 09:59:39','2026-03-24 09:59:39'),(653,NULL,'GkHx5gaYKStEyed2OESya8Tiyu9l66NvjPS7dfO3','127.0.0.1','2026-03-24',1,'17:00:28','2026-03-24 10:00:28','2026-03-24 10:00:28'),(654,1,'wYrus3cDTPfjHScwU0HB7cdSSLE1K42NpraUU8iS','127.0.0.1','2026-03-24',1,'17:00:57','2026-03-24 10:00:57','2026-03-24 10:00:57'),(655,1,'wYrus3cDTPfjHScwU0HB7cdSSLE1K42NpraUU8iS','127.0.0.1','2026-03-24',1,'17:01:01','2026-03-24 10:01:01','2026-03-24 10:01:01'),(656,1,'wYrus3cDTPfjHScwU0HB7cdSSLE1K42NpraUU8iS','127.0.0.1','2026-03-24',1,'17:01:02','2026-03-24 10:01:02','2026-03-24 10:01:02'),(657,1,'wYrus3cDTPfjHScwU0HB7cdSSLE1K42NpraUU8iS','127.0.0.1','2026-03-24',1,'17:01:02','2026-03-24 10:01:02','2026-03-24 10:01:02'),(658,1,'wYrus3cDTPfjHScwU0HB7cdSSLE1K42NpraUU8iS','127.0.0.1','2026-03-24',1,'17:01:06','2026-03-24 10:01:06','2026-03-24 10:01:06'),(659,1,'wYrus3cDTPfjHScwU0HB7cdSSLE1K42NpraUU8iS','127.0.0.1','2026-03-24',1,'17:01:07','2026-03-24 10:01:07','2026-03-24 10:01:07'),(660,1,'wYrus3cDTPfjHScwU0HB7cdSSLE1K42NpraUU8iS','127.0.0.1','2026-03-24',1,'17:01:07','2026-03-24 10:01:07','2026-03-24 10:01:07'),(661,1,'wYrus3cDTPfjHScwU0HB7cdSSLE1K42NpraUU8iS','127.0.0.1','2026-03-24',1,'17:01:15','2026-03-24 10:01:15','2026-03-24 10:01:15'),(662,1,'wYrus3cDTPfjHScwU0HB7cdSSLE1K42NpraUU8iS','127.0.0.1','2026-03-24',1,'17:01:16','2026-03-24 10:01:16','2026-03-24 10:01:16'),(663,1,'wYrus3cDTPfjHScwU0HB7cdSSLE1K42NpraUU8iS','127.0.0.1','2026-03-24',1,'17:01:16','2026-03-24 10:01:16','2026-03-24 10:01:16'),(664,1,'wYrus3cDTPfjHScwU0HB7cdSSLE1K42NpraUU8iS','127.0.0.1','2026-03-24',1,'17:01:16','2026-03-24 10:01:16','2026-03-24 10:01:16'),(665,NULL,'GkHx5gaYKStEyed2OESya8Tiyu9l66NvjPS7dfO3','127.0.0.1','2026-03-24',1,'17:01:22','2026-03-24 10:01:22','2026-03-24 10:01:22'),(666,1,'wYrus3cDTPfjHScwU0HB7cdSSLE1K42NpraUU8iS','127.0.0.1','2026-03-24',1,'17:01:25','2026-03-24 10:01:25','2026-03-24 10:01:25'),(667,1,'wYrus3cDTPfjHScwU0HB7cdSSLE1K42NpraUU8iS','127.0.0.1','2026-03-24',1,'17:22:48','2026-03-24 10:22:48','2026-03-24 10:22:48'),(668,1,'wYrus3cDTPfjHScwU0HB7cdSSLE1K42NpraUU8iS','127.0.0.1','2026-03-24',1,'17:26:09','2026-03-24 10:26:09','2026-03-24 10:26:09'),(669,1,'wYrus3cDTPfjHScwU0HB7cdSSLE1K42NpraUU8iS','127.0.0.1','2026-03-24',1,'17:26:10','2026-03-24 10:26:10','2026-03-24 10:26:10'),(670,1,'wYrus3cDTPfjHScwU0HB7cdSSLE1K42NpraUU8iS','127.0.0.1','2026-03-24',1,'17:26:12','2026-03-24 10:26:12','2026-03-24 10:26:12'),(671,1,'wYrus3cDTPfjHScwU0HB7cdSSLE1K42NpraUU8iS','127.0.0.1','2026-03-24',1,'17:26:12','2026-03-24 10:26:12','2026-03-24 10:26:12'),(672,1,'wYrus3cDTPfjHScwU0HB7cdSSLE1K42NpraUU8iS','127.0.0.1','2026-03-24',1,'17:26:13','2026-03-24 10:26:13','2026-03-24 10:26:13'),(673,1,'wYrus3cDTPfjHScwU0HB7cdSSLE1K42NpraUU8iS','127.0.0.1','2026-03-24',1,'17:41:26','2026-03-24 10:41:26','2026-03-24 10:41:26'),(674,1,'wYrus3cDTPfjHScwU0HB7cdSSLE1K42NpraUU8iS','127.0.0.1','2026-03-24',1,'17:41:32','2026-03-24 10:41:32','2026-03-24 10:41:32'),(675,1,'wYrus3cDTPfjHScwU0HB7cdSSLE1K42NpraUU8iS','127.0.0.1','2026-03-24',1,'17:41:34','2026-03-24 10:41:34','2026-03-24 10:41:34'),(676,1,'wYrus3cDTPfjHScwU0HB7cdSSLE1K42NpraUU8iS','127.0.0.1','2026-03-24',1,'17:41:36','2026-03-24 10:41:36','2026-03-24 10:41:36'),(677,1,'wYrus3cDTPfjHScwU0HB7cdSSLE1K42NpraUU8iS','127.0.0.1','2026-03-24',1,'17:41:38','2026-03-24 10:41:38','2026-03-24 10:41:38'),(678,1,'wYrus3cDTPfjHScwU0HB7cdSSLE1K42NpraUU8iS','127.0.0.1','2026-03-24',1,'17:42:01','2026-03-24 10:42:01','2026-03-24 10:42:01'),(679,1,'wYrus3cDTPfjHScwU0HB7cdSSLE1K42NpraUU8iS','127.0.0.1','2026-03-24',1,'17:42:02','2026-03-24 10:42:02','2026-03-24 10:42:02'),(680,1,'wYrus3cDTPfjHScwU0HB7cdSSLE1K42NpraUU8iS','127.0.0.1','2026-03-24',1,'17:42:06','2026-03-24 10:42:06','2026-03-24 10:42:06'),(681,1,'wYrus3cDTPfjHScwU0HB7cdSSLE1K42NpraUU8iS','127.0.0.1','2026-03-24',1,'17:42:07','2026-03-24 10:42:07','2026-03-24 10:42:07'),(682,1,'wYrus3cDTPfjHScwU0HB7cdSSLE1K42NpraUU8iS','127.0.0.1','2026-03-24',1,'17:42:08','2026-03-24 10:42:08','2026-03-24 10:42:08'),(683,1,'wYrus3cDTPfjHScwU0HB7cdSSLE1K42NpraUU8iS','127.0.0.1','2026-03-24',1,'17:42:09','2026-03-24 10:42:09','2026-03-24 10:42:09'),(684,1,'wYrus3cDTPfjHScwU0HB7cdSSLE1K42NpraUU8iS','127.0.0.1','2026-03-24',1,'17:42:14','2026-03-24 10:42:14','2026-03-24 10:42:14'),(685,1,'wYrus3cDTPfjHScwU0HB7cdSSLE1K42NpraUU8iS','127.0.0.1','2026-03-24',1,'17:42:14','2026-03-24 10:42:14','2026-03-24 10:42:14'),(686,1,'wYrus3cDTPfjHScwU0HB7cdSSLE1K42NpraUU8iS','127.0.0.1','2026-03-24',1,'17:42:16','2026-03-24 10:42:16','2026-03-24 10:42:16'),(687,1,'wYrus3cDTPfjHScwU0HB7cdSSLE1K42NpraUU8iS','127.0.0.1','2026-03-24',1,'17:42:17','2026-03-24 10:42:17','2026-03-24 10:42:17'),(688,1,'wYrus3cDTPfjHScwU0HB7cdSSLE1K42NpraUU8iS','127.0.0.1','2026-03-24',1,'17:42:18','2026-03-24 10:42:18','2026-03-24 10:42:18'),(689,1,'wYrus3cDTPfjHScwU0HB7cdSSLE1K42NpraUU8iS','127.0.0.1','2026-03-24',1,'17:42:24','2026-03-24 10:42:24','2026-03-24 10:42:24'),(690,1,'wYrus3cDTPfjHScwU0HB7cdSSLE1K42NpraUU8iS','127.0.0.1','2026-03-24',1,'17:42:41','2026-03-24 10:42:41','2026-03-24 10:42:41'),(691,1,'wYrus3cDTPfjHScwU0HB7cdSSLE1K42NpraUU8iS','127.0.0.1','2026-03-24',1,'17:42:49','2026-03-24 10:42:49','2026-03-24 10:42:49'),(692,1,'wYrus3cDTPfjHScwU0HB7cdSSLE1K42NpraUU8iS','127.0.0.1','2026-03-24',1,'17:42:49','2026-03-24 10:42:49','2026-03-24 10:42:49'),(693,1,'wYrus3cDTPfjHScwU0HB7cdSSLE1K42NpraUU8iS','127.0.0.1','2026-03-24',1,'17:42:49','2026-03-24 10:42:49','2026-03-24 10:42:49'),(694,1,'wYrus3cDTPfjHScwU0HB7cdSSLE1K42NpraUU8iS','127.0.0.1','2026-03-24',1,'17:42:53','2026-03-24 10:42:53','2026-03-24 10:42:53'),(695,1,'wYrus3cDTPfjHScwU0HB7cdSSLE1K42NpraUU8iS','127.0.0.1','2026-03-24',1,'17:42:54','2026-03-24 10:42:54','2026-03-24 10:42:54'),(696,1,'wYrus3cDTPfjHScwU0HB7cdSSLE1K42NpraUU8iS','127.0.0.1','2026-03-24',1,'17:42:56','2026-03-24 10:42:56','2026-03-24 10:42:56'),(697,1,'wYrus3cDTPfjHScwU0HB7cdSSLE1K42NpraUU8iS','127.0.0.1','2026-03-24',1,'17:44:42','2026-03-24 10:44:42','2026-03-24 10:44:42'),(698,1,'wYrus3cDTPfjHScwU0HB7cdSSLE1K42NpraUU8iS','127.0.0.1','2026-03-24',1,'17:45:01','2026-03-24 10:45:01','2026-03-24 10:45:01'),(699,1,'wYrus3cDTPfjHScwU0HB7cdSSLE1K42NpraUU8iS','127.0.0.1','2026-03-24',1,'17:45:02','2026-03-24 10:45:02','2026-03-24 10:45:02'),(700,1,'wYrus3cDTPfjHScwU0HB7cdSSLE1K42NpraUU8iS','127.0.0.1','2026-03-24',1,'17:45:02','2026-03-24 10:45:02','2026-03-24 10:45:02'),(701,1,'wYrus3cDTPfjHScwU0HB7cdSSLE1K42NpraUU8iS','127.0.0.1','2026-03-24',1,'17:45:08','2026-03-24 10:45:08','2026-03-24 10:45:08'),(702,1,'wYrus3cDTPfjHScwU0HB7cdSSLE1K42NpraUU8iS','127.0.0.1','2026-03-24',1,'17:45:09','2026-03-24 10:45:09','2026-03-24 10:45:09'),(703,1,'wYrus3cDTPfjHScwU0HB7cdSSLE1K42NpraUU8iS','127.0.0.1','2026-03-24',1,'17:45:11','2026-03-24 10:45:11','2026-03-24 10:45:11'),(704,1,'wYrus3cDTPfjHScwU0HB7cdSSLE1K42NpraUU8iS','127.0.0.1','2026-03-24',1,'17:45:11','2026-03-24 10:45:11','2026-03-24 10:45:11'),(705,NULL,'GkHx5gaYKStEyed2OESya8Tiyu9l66NvjPS7dfO3','127.0.0.1','2026-03-24',1,'17:45:15','2026-03-24 10:45:15','2026-03-24 10:45:15'),(706,1,'wYrus3cDTPfjHScwU0HB7cdSSLE1K42NpraUU8iS','127.0.0.1','2026-03-24',1,'17:45:20','2026-03-24 10:45:20','2026-03-24 10:45:20'),(707,NULL,'GkHx5gaYKStEyed2OESya8Tiyu9l66NvjPS7dfO3','127.0.0.1','2026-03-24',1,'17:45:32','2026-03-24 10:45:32','2026-03-24 10:45:32'),(708,NULL,'GkHx5gaYKStEyed2OESya8Tiyu9l66NvjPS7dfO3','127.0.0.1','2026-03-24',1,'17:45:36','2026-03-24 10:45:36','2026-03-24 10:45:36'),(709,NULL,'GkHx5gaYKStEyed2OESya8Tiyu9l66NvjPS7dfO3','127.0.0.1','2026-03-24',1,'17:45:38','2026-03-24 10:45:38','2026-03-24 10:45:38'),(710,NULL,'GkHx5gaYKStEyed2OESya8Tiyu9l66NvjPS7dfO3','127.0.0.1','2026-03-24',1,'17:47:34','2026-03-24 10:47:34','2026-03-24 10:47:34'),(711,NULL,'GkHx5gaYKStEyed2OESya8Tiyu9l66NvjPS7dfO3','127.0.0.1','2026-03-24',1,'17:49:30','2026-03-24 10:49:30','2026-03-24 10:49:30'),(712,NULL,'GkHx5gaYKStEyed2OESya8Tiyu9l66NvjPS7dfO3','127.0.0.1','2026-03-24',1,'18:04:20','2026-03-24 11:04:20','2026-03-24 11:04:20'),(713,NULL,'GkHx5gaYKStEyed2OESya8Tiyu9l66NvjPS7dfO3','127.0.0.1','2026-03-24',1,'18:04:22','2026-03-24 11:04:22','2026-03-24 11:04:22'),(714,NULL,'GkHx5gaYKStEyed2OESya8Tiyu9l66NvjPS7dfO3','127.0.0.1','2026-03-24',1,'18:07:11','2026-03-24 11:07:11','2026-03-24 11:07:11'),(715,NULL,'GkHx5gaYKStEyed2OESya8Tiyu9l66NvjPS7dfO3','127.0.0.1','2026-03-24',1,'18:07:46','2026-03-24 11:07:46','2026-03-24 11:07:46'),(716,NULL,'GkHx5gaYKStEyed2OESya8Tiyu9l66NvjPS7dfO3','127.0.0.1','2026-03-24',1,'18:07:58','2026-03-24 11:07:58','2026-03-24 11:07:58'),(717,NULL,'GkHx5gaYKStEyed2OESya8Tiyu9l66NvjPS7dfO3','127.0.0.1','2026-03-24',1,'18:08:33','2026-03-24 11:08:33','2026-03-24 11:08:33'),(718,NULL,'GkHx5gaYKStEyed2OESya8Tiyu9l66NvjPS7dfO3','127.0.0.1','2026-03-24',1,'18:08:33','2026-03-24 11:08:33','2026-03-24 11:08:33'),(719,NULL,'GkHx5gaYKStEyed2OESya8Tiyu9l66NvjPS7dfO3','127.0.0.1','2026-03-24',1,'18:08:44','2026-03-24 11:08:44','2026-03-24 11:08:44'),(720,NULL,'GkHx5gaYKStEyed2OESya8Tiyu9l66NvjPS7dfO3','127.0.0.1','2026-03-24',1,'18:08:44','2026-03-24 11:08:44','2026-03-24 11:08:44'),(721,NULL,'GkHx5gaYKStEyed2OESya8Tiyu9l66NvjPS7dfO3','127.0.0.1','2026-03-24',1,'18:08:51','2026-03-24 11:08:51','2026-03-24 11:08:51'),(722,NULL,'PHvh6Nb8KwBrf2DMdoyWrudyhxSNSGtcSVHCjqVV','127.0.0.1','2026-03-24',1,'18:23:06','2026-03-24 11:23:06','2026-03-24 11:23:06'),(723,NULL,'PHvh6Nb8KwBrf2DMdoyWrudyhxSNSGtcSVHCjqVV','127.0.0.1','2026-03-24',1,'18:23:10','2026-03-24 11:23:10','2026-03-24 11:23:10'),(724,2,'IHoyZ1vK2Rtw3ik0TCnZJxMXldcPkVyPY1jVXdz3','127.0.0.1','2026-03-24',1,'18:23:10','2026-03-24 11:23:10','2026-03-24 11:23:10'),(725,2,'IHoyZ1vK2Rtw3ik0TCnZJxMXldcPkVyPY1jVXdz3','127.0.0.1','2026-03-24',1,'18:23:17','2026-03-24 11:23:17','2026-03-24 11:23:17'),(726,2,'IHoyZ1vK2Rtw3ik0TCnZJxMXldcPkVyPY1jVXdz3','127.0.0.1','2026-03-24',1,'18:23:19','2026-03-24 11:23:19','2026-03-24 11:23:19'),(727,2,'IHoyZ1vK2Rtw3ik0TCnZJxMXldcPkVyPY1jVXdz3','127.0.0.1','2026-03-24',1,'18:23:45','2026-03-24 11:23:45','2026-03-24 11:23:45'),(728,2,'IHoyZ1vK2Rtw3ik0TCnZJxMXldcPkVyPY1jVXdz3','127.0.0.1','2026-03-24',1,'18:23:45','2026-03-24 11:23:45','2026-03-24 11:23:45'),(729,1,'dV1txpEv7hZlolT0DytUWJWUYfaqD4ru8MXitf4l','127.0.0.1','2026-03-24',1,'18:24:48','2026-03-24 11:24:48','2026-03-24 11:24:48'),(730,1,'dV1txpEv7hZlolT0DytUWJWUYfaqD4ru8MXitf4l','127.0.0.1','2026-03-24',1,'18:24:48','2026-03-24 11:24:48','2026-03-24 11:24:48'),(731,1,'dV1txpEv7hZlolT0DytUWJWUYfaqD4ru8MXitf4l','127.0.0.1','2026-03-24',1,'18:25:05','2026-03-24 11:25:05','2026-03-24 11:25:05'),(732,1,'dV1txpEv7hZlolT0DytUWJWUYfaqD4ru8MXitf4l','127.0.0.1','2026-03-24',1,'18:25:07','2026-03-24 11:25:07','2026-03-24 11:25:07'),(733,1,'dV1txpEv7hZlolT0DytUWJWUYfaqD4ru8MXitf4l','127.0.0.1','2026-03-24',1,'18:25:07','2026-03-24 11:25:07','2026-03-24 11:25:07'),(734,1,'dV1txpEv7hZlolT0DytUWJWUYfaqD4ru8MXitf4l','127.0.0.1','2026-03-24',1,'18:25:07','2026-03-24 11:25:07','2026-03-24 11:25:07'),(735,1,'dV1txpEv7hZlolT0DytUWJWUYfaqD4ru8MXitf4l','127.0.0.1','2026-03-24',1,'18:25:16','2026-03-24 11:25:16','2026-03-24 11:25:16'),(736,2,'IHoyZ1vK2Rtw3ik0TCnZJxMXldcPkVyPY1jVXdz3','127.0.0.1','2026-03-24',1,'18:25:18','2026-03-24 11:25:18','2026-03-24 11:25:18'),(737,2,'IHoyZ1vK2Rtw3ik0TCnZJxMXldcPkVyPY1jVXdz3','127.0.0.1','2026-03-24',1,'18:25:44','2026-03-24 11:25:44','2026-03-24 11:25:44'),(738,2,'IHoyZ1vK2Rtw3ik0TCnZJxMXldcPkVyPY1jVXdz3','127.0.0.1','2026-03-24',1,'18:25:53','2026-03-24 11:25:53','2026-03-24 11:25:53'),(739,2,'IHoyZ1vK2Rtw3ik0TCnZJxMXldcPkVyPY1jVXdz3','127.0.0.1','2026-03-24',1,'18:26:05','2026-03-24 11:26:05','2026-03-24 11:26:05'),(740,2,'IHoyZ1vK2Rtw3ik0TCnZJxMXldcPkVyPY1jVXdz3','127.0.0.1','2026-03-24',1,'18:26:07','2026-03-24 11:26:07','2026-03-24 11:26:07'),(741,2,'IHoyZ1vK2Rtw3ik0TCnZJxMXldcPkVyPY1jVXdz3','127.0.0.1','2026-03-24',1,'18:26:13','2026-03-24 11:26:13','2026-03-24 11:26:13'),(742,2,'IHoyZ1vK2Rtw3ik0TCnZJxMXldcPkVyPY1jVXdz3','127.0.0.1','2026-03-24',1,'18:26:16','2026-03-24 11:26:16','2026-03-24 11:26:16'),(743,2,'IHoyZ1vK2Rtw3ik0TCnZJxMXldcPkVyPY1jVXdz3','127.0.0.1','2026-03-24',1,'18:58:04','2026-03-24 11:58:04','2026-03-24 11:58:04'),(744,2,'IHoyZ1vK2Rtw3ik0TCnZJxMXldcPkVyPY1jVXdz3','127.0.0.1','2026-03-24',1,'19:02:25','2026-03-24 12:02:25','2026-03-24 12:02:25'),(745,2,'IHoyZ1vK2Rtw3ik0TCnZJxMXldcPkVyPY1jVXdz3','127.0.0.1','2026-03-24',1,'19:02:31','2026-03-24 12:02:31','2026-03-24 12:02:31'),(746,2,'IHoyZ1vK2Rtw3ik0TCnZJxMXldcPkVyPY1jVXdz3','127.0.0.1','2026-03-24',1,'19:02:43','2026-03-24 12:02:43','2026-03-24 12:02:43'),(747,2,'IHoyZ1vK2Rtw3ik0TCnZJxMXldcPkVyPY1jVXdz3','127.0.0.1','2026-03-24',1,'19:02:53','2026-03-24 12:02:53','2026-03-24 12:02:53'),(748,2,'IHoyZ1vK2Rtw3ik0TCnZJxMXldcPkVyPY1jVXdz3','127.0.0.1','2026-03-24',1,'19:03:35','2026-03-24 12:03:35','2026-03-24 12:03:35'),(749,2,'IHoyZ1vK2Rtw3ik0TCnZJxMXldcPkVyPY1jVXdz3','127.0.0.1','2026-03-24',1,'19:03:35','2026-03-24 12:03:35','2026-03-24 12:03:35'),(750,1,'dV1txpEv7hZlolT0DytUWJWUYfaqD4ru8MXitf4l','127.0.0.1','2026-03-24',1,'19:04:06','2026-03-24 12:04:06','2026-03-24 12:04:06'),(751,1,'dV1txpEv7hZlolT0DytUWJWUYfaqD4ru8MXitf4l','127.0.0.1','2026-03-24',1,'19:04:06','2026-03-24 12:04:06','2026-03-24 12:04:06'),(752,1,'dV1txpEv7hZlolT0DytUWJWUYfaqD4ru8MXitf4l','127.0.0.1','2026-03-24',1,'19:04:08','2026-03-24 12:04:08','2026-03-24 12:04:08'),(753,1,'dV1txpEv7hZlolT0DytUWJWUYfaqD4ru8MXitf4l','127.0.0.1','2026-03-24',1,'19:04:08','2026-03-24 12:04:08','2026-03-24 12:04:08'),(754,1,'dV1txpEv7hZlolT0DytUWJWUYfaqD4ru8MXitf4l','127.0.0.1','2026-03-24',1,'19:04:28','2026-03-24 12:04:28','2026-03-24 12:04:28'),(755,1,'dV1txpEv7hZlolT0DytUWJWUYfaqD4ru8MXitf4l','127.0.0.1','2026-03-24',1,'19:04:29','2026-03-24 12:04:29','2026-03-24 12:04:29'),(756,1,'dV1txpEv7hZlolT0DytUWJWUYfaqD4ru8MXitf4l','127.0.0.1','2026-03-24',1,'19:04:29','2026-03-24 12:04:29','2026-03-24 12:04:29'),(757,1,'dV1txpEv7hZlolT0DytUWJWUYfaqD4ru8MXitf4l','127.0.0.1','2026-03-24',1,'19:04:29','2026-03-24 12:04:29','2026-03-24 12:04:29'),(758,1,'dV1txpEv7hZlolT0DytUWJWUYfaqD4ru8MXitf4l','127.0.0.1','2026-03-24',1,'19:04:35','2026-03-24 12:04:35','2026-03-24 12:04:35'),(759,1,'dV1txpEv7hZlolT0DytUWJWUYfaqD4ru8MXitf4l','127.0.0.1','2026-03-24',1,'19:07:14','2026-03-24 12:07:14','2026-03-24 12:07:14'),(760,1,'dV1txpEv7hZlolT0DytUWJWUYfaqD4ru8MXitf4l','127.0.0.1','2026-03-24',1,'19:07:23','2026-03-24 12:07:23','2026-03-24 12:07:23'),(761,1,'dV1txpEv7hZlolT0DytUWJWUYfaqD4ru8MXitf4l','127.0.0.1','2026-03-24',1,'19:07:27','2026-03-24 12:07:27','2026-03-24 12:07:27'),(762,1,'dV1txpEv7hZlolT0DytUWJWUYfaqD4ru8MXitf4l','127.0.0.1','2026-03-24',1,'19:07:33','2026-03-24 12:07:33','2026-03-24 12:07:33'),(763,1,'dV1txpEv7hZlolT0DytUWJWUYfaqD4ru8MXitf4l','127.0.0.1','2026-03-24',1,'19:07:33','2026-03-24 12:07:33','2026-03-24 12:07:33'),(764,1,'dV1txpEv7hZlolT0DytUWJWUYfaqD4ru8MXitf4l','127.0.0.1','2026-03-24',1,'19:07:33','2026-03-24 12:07:33','2026-03-24 12:07:33'),(765,1,'dV1txpEv7hZlolT0DytUWJWUYfaqD4ru8MXitf4l','127.0.0.1','2026-03-24',1,'19:07:36','2026-03-24 12:07:36','2026-03-24 12:07:36'),(766,1,'dV1txpEv7hZlolT0DytUWJWUYfaqD4ru8MXitf4l','127.0.0.1','2026-03-24',1,'19:07:36','2026-03-24 12:07:36','2026-03-24 12:07:36'),(767,1,'dV1txpEv7hZlolT0DytUWJWUYfaqD4ru8MXitf4l','127.0.0.1','2026-03-24',1,'19:07:36','2026-03-24 12:07:36','2026-03-24 12:07:36'),(768,1,'dV1txpEv7hZlolT0DytUWJWUYfaqD4ru8MXitf4l','127.0.0.1','2026-03-24',1,'19:07:43','2026-03-24 12:07:43','2026-03-24 12:07:43'),(769,1,'dV1txpEv7hZlolT0DytUWJWUYfaqD4ru8MXitf4l','127.0.0.1','2026-03-24',1,'19:08:21','2026-03-24 12:08:21','2026-03-24 12:08:21'),(770,1,'dV1txpEv7hZlolT0DytUWJWUYfaqD4ru8MXitf4l','127.0.0.1','2026-03-24',1,'19:08:27','2026-03-24 12:08:27','2026-03-24 12:08:27'),(771,1,'dV1txpEv7hZlolT0DytUWJWUYfaqD4ru8MXitf4l','127.0.0.1','2026-03-24',1,'19:08:29','2026-03-24 12:08:29','2026-03-24 12:08:29'),(772,1,'dV1txpEv7hZlolT0DytUWJWUYfaqD4ru8MXitf4l','127.0.0.1','2026-03-24',1,'19:09:31','2026-03-24 12:09:31','2026-03-24 12:09:31'),(773,1,'dV1txpEv7hZlolT0DytUWJWUYfaqD4ru8MXitf4l','127.0.0.1','2026-03-24',1,'19:09:31','2026-03-24 12:09:31','2026-03-24 12:09:31'),(774,1,'dV1txpEv7hZlolT0DytUWJWUYfaqD4ru8MXitf4l','127.0.0.1','2026-03-24',1,'19:09:31','2026-03-24 12:09:31','2026-03-24 12:09:31'),(775,1,'dV1txpEv7hZlolT0DytUWJWUYfaqD4ru8MXitf4l','127.0.0.1','2026-03-24',1,'19:09:59','2026-03-24 12:09:59','2026-03-24 12:09:59'),(776,1,'dV1txpEv7hZlolT0DytUWJWUYfaqD4ru8MXitf4l','127.0.0.1','2026-03-24',1,'19:09:59','2026-03-24 12:09:59','2026-03-24 12:09:59'),(777,1,'dV1txpEv7hZlolT0DytUWJWUYfaqD4ru8MXitf4l','127.0.0.1','2026-03-24',1,'19:10:00','2026-03-24 12:10:00','2026-03-24 12:10:00'),(778,1,'dV1txpEv7hZlolT0DytUWJWUYfaqD4ru8MXitf4l','127.0.0.1','2026-03-24',1,'19:10:06','2026-03-24 12:10:06','2026-03-24 12:10:06'),(779,1,'dV1txpEv7hZlolT0DytUWJWUYfaqD4ru8MXitf4l','127.0.0.1','2026-03-24',1,'19:10:10','2026-03-24 12:10:10','2026-03-24 12:10:10'),(780,1,'dV1txpEv7hZlolT0DytUWJWUYfaqD4ru8MXitf4l','127.0.0.1','2026-03-24',1,'19:10:12','2026-03-24 12:10:12','2026-03-24 12:10:12'),(781,1,'dV1txpEv7hZlolT0DytUWJWUYfaqD4ru8MXitf4l','127.0.0.1','2026-03-24',1,'19:10:12','2026-03-24 12:10:12','2026-03-24 12:10:12'),(782,1,'dV1txpEv7hZlolT0DytUWJWUYfaqD4ru8MXitf4l','127.0.0.1','2026-03-24',1,'19:10:15','2026-03-24 12:10:15','2026-03-24 12:10:15'),(783,1,'dV1txpEv7hZlolT0DytUWJWUYfaqD4ru8MXitf4l','127.0.0.1','2026-03-24',1,'19:11:12','2026-03-24 12:11:12','2026-03-24 12:11:12'),(784,1,'dV1txpEv7hZlolT0DytUWJWUYfaqD4ru8MXitf4l','127.0.0.1','2026-03-24',1,'19:11:12','2026-03-24 12:11:12','2026-03-24 12:11:12'),(785,1,'dV1txpEv7hZlolT0DytUWJWUYfaqD4ru8MXitf4l','127.0.0.1','2026-03-24',1,'19:11:12','2026-03-24 12:11:12','2026-03-24 12:11:12'),(786,1,'dV1txpEv7hZlolT0DytUWJWUYfaqD4ru8MXitf4l','127.0.0.1','2026-03-24',1,'19:11:16','2026-03-24 12:11:16','2026-03-24 12:11:16'),(787,1,'dV1txpEv7hZlolT0DytUWJWUYfaqD4ru8MXitf4l','127.0.0.1','2026-03-24',1,'19:11:16','2026-03-24 12:11:16','2026-03-24 12:11:16'),(788,1,'dV1txpEv7hZlolT0DytUWJWUYfaqD4ru8MXitf4l','127.0.0.1','2026-03-24',1,'19:11:16','2026-03-24 12:11:16','2026-03-24 12:11:16'),(789,2,'IHoyZ1vK2Rtw3ik0TCnZJxMXldcPkVyPY1jVXdz3','127.0.0.1','2026-03-24',1,'19:11:26','2026-03-24 12:11:26','2026-03-24 12:11:26'),(790,2,'IHoyZ1vK2Rtw3ik0TCnZJxMXldcPkVyPY1jVXdz3','127.0.0.1','2026-03-24',1,'19:11:32','2026-03-24 12:11:32','2026-03-24 12:11:32'),(791,2,'IHoyZ1vK2Rtw3ik0TCnZJxMXldcPkVyPY1jVXdz3','127.0.0.1','2026-03-24',1,'19:11:35','2026-03-24 12:11:35','2026-03-24 12:11:35'),(792,2,'IHoyZ1vK2Rtw3ik0TCnZJxMXldcPkVyPY1jVXdz3','127.0.0.1','2026-03-24',1,'19:11:40','2026-03-24 12:11:40','2026-03-24 12:11:40'),(793,2,'IHoyZ1vK2Rtw3ik0TCnZJxMXldcPkVyPY1jVXdz3','127.0.0.1','2026-03-24',1,'19:11:43','2026-03-24 12:11:43','2026-03-24 12:11:43'),(794,1,'dV1txpEv7hZlolT0DytUWJWUYfaqD4ru8MXitf4l','127.0.0.1','2026-03-24',1,'19:11:54','2026-03-24 12:11:54','2026-03-24 12:11:54'),(795,1,'dV1txpEv7hZlolT0DytUWJWUYfaqD4ru8MXitf4l','127.0.0.1','2026-03-24',1,'19:17:15','2026-03-24 12:17:15','2026-03-24 12:17:15'),(796,1,'dV1txpEv7hZlolT0DytUWJWUYfaqD4ru8MXitf4l','127.0.0.1','2026-03-24',1,'19:17:20','2026-03-24 12:17:20','2026-03-24 12:17:20'),(797,1,'dV1txpEv7hZlolT0DytUWJWUYfaqD4ru8MXitf4l','127.0.0.1','2026-03-24',1,'19:17:21','2026-03-24 12:17:21','2026-03-24 12:17:21'),(798,1,'dV1txpEv7hZlolT0DytUWJWUYfaqD4ru8MXitf4l','127.0.0.1','2026-03-24',1,'19:17:22','2026-03-24 12:17:22','2026-03-24 12:17:22'),(799,1,'dV1txpEv7hZlolT0DytUWJWUYfaqD4ru8MXitf4l','127.0.0.1','2026-03-24',1,'19:17:23','2026-03-24 12:17:23','2026-03-24 12:17:23'),(800,1,'dV1txpEv7hZlolT0DytUWJWUYfaqD4ru8MXitf4l','127.0.0.1','2026-03-24',1,'19:17:26','2026-03-24 12:17:26','2026-03-24 12:17:26'),(801,1,'dV1txpEv7hZlolT0DytUWJWUYfaqD4ru8MXitf4l','127.0.0.1','2026-03-24',1,'19:17:51','2026-03-24 12:17:51','2026-03-24 12:17:51'),(802,1,'dV1txpEv7hZlolT0DytUWJWUYfaqD4ru8MXitf4l','127.0.0.1','2026-03-24',1,'19:17:51','2026-03-24 12:17:51','2026-03-24 12:17:51'),(803,1,'dV1txpEv7hZlolT0DytUWJWUYfaqD4ru8MXitf4l','127.0.0.1','2026-03-24',1,'19:17:51','2026-03-24 12:17:51','2026-03-24 12:17:51'),(804,1,'dV1txpEv7hZlolT0DytUWJWUYfaqD4ru8MXitf4l','127.0.0.1','2026-03-24',1,'19:17:57','2026-03-24 12:17:57','2026-03-24 12:17:57'),(805,1,'dV1txpEv7hZlolT0DytUWJWUYfaqD4ru8MXitf4l','127.0.0.1','2026-03-24',1,'19:17:58','2026-03-24 12:17:58','2026-03-24 12:17:58'),(806,1,'dV1txpEv7hZlolT0DytUWJWUYfaqD4ru8MXitf4l','127.0.0.1','2026-03-24',1,'19:17:58','2026-03-24 12:17:58','2026-03-24 12:17:58'),(807,1,'dV1txpEv7hZlolT0DytUWJWUYfaqD4ru8MXitf4l','127.0.0.1','2026-03-24',1,'19:18:04','2026-03-24 12:18:04','2026-03-24 12:18:04'),(808,1,'dV1txpEv7hZlolT0DytUWJWUYfaqD4ru8MXitf4l','127.0.0.1','2026-03-24',1,'19:18:06','2026-03-24 12:18:06','2026-03-24 12:18:06'),(809,1,'dV1txpEv7hZlolT0DytUWJWUYfaqD4ru8MXitf4l','127.0.0.1','2026-03-24',1,'19:18:07','2026-03-24 12:18:07','2026-03-24 12:18:07'),(810,1,'dV1txpEv7hZlolT0DytUWJWUYfaqD4ru8MXitf4l','127.0.0.1','2026-03-24',1,'19:18:09','2026-03-24 12:18:09','2026-03-24 12:18:09'),(811,1,'dV1txpEv7hZlolT0DytUWJWUYfaqD4ru8MXitf4l','127.0.0.1','2026-03-24',1,'19:18:09','2026-03-24 12:18:09','2026-03-24 12:18:09'),(812,1,'dV1txpEv7hZlolT0DytUWJWUYfaqD4ru8MXitf4l','127.0.0.1','2026-03-24',1,'19:18:16','2026-03-24 12:18:16','2026-03-24 12:18:16'),(813,1,'dV1txpEv7hZlolT0DytUWJWUYfaqD4ru8MXitf4l','127.0.0.1','2026-03-24',1,'19:18:25','2026-03-24 12:18:25','2026-03-24 12:18:25'),(814,1,'dV1txpEv7hZlolT0DytUWJWUYfaqD4ru8MXitf4l','127.0.0.1','2026-03-24',1,'19:18:27','2026-03-24 12:18:27','2026-03-24 12:18:27'),(815,1,'dV1txpEv7hZlolT0DytUWJWUYfaqD4ru8MXitf4l','127.0.0.1','2026-03-24',1,'19:18:29','2026-03-24 12:18:29','2026-03-24 12:18:29'),(816,1,'dV1txpEv7hZlolT0DytUWJWUYfaqD4ru8MXitf4l','127.0.0.1','2026-03-24',1,'19:19:48','2026-03-24 12:19:48','2026-03-24 12:19:48'),(817,1,'dV1txpEv7hZlolT0DytUWJWUYfaqD4ru8MXitf4l','127.0.0.1','2026-03-24',1,'19:19:48','2026-03-24 12:19:48','2026-03-24 12:19:48'),(818,1,'dV1txpEv7hZlolT0DytUWJWUYfaqD4ru8MXitf4l','127.0.0.1','2026-03-24',1,'19:19:48','2026-03-24 12:19:48','2026-03-24 12:19:48'),(819,1,'dV1txpEv7hZlolT0DytUWJWUYfaqD4ru8MXitf4l','127.0.0.1','2026-03-24',1,'19:19:51','2026-03-24 12:19:51','2026-03-24 12:19:51'),(820,1,'dV1txpEv7hZlolT0DytUWJWUYfaqD4ru8MXitf4l','127.0.0.1','2026-03-24',1,'19:19:51','2026-03-24 12:19:51','2026-03-24 12:19:51'),(821,1,'dV1txpEv7hZlolT0DytUWJWUYfaqD4ru8MXitf4l','127.0.0.1','2026-03-24',1,'19:19:51','2026-03-24 12:19:51','2026-03-24 12:19:51'),(822,1,'dV1txpEv7hZlolT0DytUWJWUYfaqD4ru8MXitf4l','127.0.0.1','2026-03-24',1,'19:19:57','2026-03-24 12:19:57','2026-03-24 12:19:57'),(823,1,'dV1txpEv7hZlolT0DytUWJWUYfaqD4ru8MXitf4l','127.0.0.1','2026-03-24',1,'19:19:58','2026-03-24 12:19:58','2026-03-24 12:19:58'),(824,1,'dV1txpEv7hZlolT0DytUWJWUYfaqD4ru8MXitf4l','127.0.0.1','2026-03-24',1,'19:19:58','2026-03-24 12:19:58','2026-03-24 12:19:58'),(825,1,'dV1txpEv7hZlolT0DytUWJWUYfaqD4ru8MXitf4l','127.0.0.1','2026-03-24',1,'19:19:58','2026-03-24 12:19:58','2026-03-24 12:19:58'),(826,1,'dV1txpEv7hZlolT0DytUWJWUYfaqD4ru8MXitf4l','127.0.0.1','2026-03-24',1,'19:20:04','2026-03-24 12:20:04','2026-03-24 12:20:04'),(827,1,'dV1txpEv7hZlolT0DytUWJWUYfaqD4ru8MXitf4l','127.0.0.1','2026-03-24',1,'19:20:59','2026-03-24 12:20:59','2026-03-24 12:20:59'),(828,1,'dV1txpEv7hZlolT0DytUWJWUYfaqD4ru8MXitf4l','127.0.0.1','2026-03-24',1,'19:21:03','2026-03-24 12:21:03','2026-03-24 12:21:03'),(829,1,'dV1txpEv7hZlolT0DytUWJWUYfaqD4ru8MXitf4l','127.0.0.1','2026-03-24',1,'19:21:04','2026-03-24 12:21:04','2026-03-24 12:21:04'),(830,1,'dV1txpEv7hZlolT0DytUWJWUYfaqD4ru8MXitf4l','127.0.0.1','2026-03-24',1,'19:21:05','2026-03-24 12:21:05','2026-03-24 12:21:05'),(831,1,'dV1txpEv7hZlolT0DytUWJWUYfaqD4ru8MXitf4l','127.0.0.1','2026-03-24',1,'19:21:08','2026-03-24 12:21:08','2026-03-24 12:21:08'),(832,1,'dV1txpEv7hZlolT0DytUWJWUYfaqD4ru8MXitf4l','127.0.0.1','2026-03-24',1,'19:21:59','2026-03-24 12:21:59','2026-03-24 12:21:59'),(833,1,'dV1txpEv7hZlolT0DytUWJWUYfaqD4ru8MXitf4l','127.0.0.1','2026-03-24',1,'19:21:59','2026-03-24 12:21:59','2026-03-24 12:21:59'),(834,1,'dV1txpEv7hZlolT0DytUWJWUYfaqD4ru8MXitf4l','127.0.0.1','2026-03-24',1,'19:21:59','2026-03-24 12:21:59','2026-03-24 12:21:59'),(835,1,'dV1txpEv7hZlolT0DytUWJWUYfaqD4ru8MXitf4l','127.0.0.1','2026-03-24',1,'19:23:13','2026-03-24 12:23:13','2026-03-24 12:23:13'),(836,1,'dV1txpEv7hZlolT0DytUWJWUYfaqD4ru8MXitf4l','127.0.0.1','2026-03-24',1,'19:23:13','2026-03-24 12:23:13','2026-03-24 12:23:13'),(837,1,'dV1txpEv7hZlolT0DytUWJWUYfaqD4ru8MXitf4l','127.0.0.1','2026-03-24',1,'19:23:13','2026-03-24 12:23:13','2026-03-24 12:23:13'),(838,1,'dV1txpEv7hZlolT0DytUWJWUYfaqD4ru8MXitf4l','127.0.0.1','2026-03-24',1,'19:23:17','2026-03-24 12:23:17','2026-03-24 12:23:17'),(839,1,'dV1txpEv7hZlolT0DytUWJWUYfaqD4ru8MXitf4l','127.0.0.1','2026-03-24',1,'19:23:20','2026-03-24 12:23:20','2026-03-24 12:23:20'),(840,1,'dV1txpEv7hZlolT0DytUWJWUYfaqD4ru8MXitf4l','127.0.0.1','2026-03-24',1,'19:23:21','2026-03-24 12:23:21','2026-03-24 12:23:21'),(841,1,'dV1txpEv7hZlolT0DytUWJWUYfaqD4ru8MXitf4l','127.0.0.1','2026-03-24',1,'19:23:23','2026-03-24 12:23:23','2026-03-24 12:23:23'),(842,1,'dV1txpEv7hZlolT0DytUWJWUYfaqD4ru8MXitf4l','127.0.0.1','2026-03-24',1,'19:24:03','2026-03-24 12:24:03','2026-03-24 12:24:03'),(843,1,'dV1txpEv7hZlolT0DytUWJWUYfaqD4ru8MXitf4l','127.0.0.1','2026-03-24',1,'19:24:03','2026-03-24 12:24:03','2026-03-24 12:24:03'),(844,1,'dV1txpEv7hZlolT0DytUWJWUYfaqD4ru8MXitf4l','127.0.0.1','2026-03-24',1,'19:24:03','2026-03-24 12:24:03','2026-03-24 12:24:03'),(845,1,'dV1txpEv7hZlolT0DytUWJWUYfaqD4ru8MXitf4l','127.0.0.1','2026-03-24',1,'19:24:06','2026-03-24 12:24:06','2026-03-24 12:24:06'),(846,1,'dV1txpEv7hZlolT0DytUWJWUYfaqD4ru8MXitf4l','127.0.0.1','2026-03-24',1,'19:24:06','2026-03-24 12:24:06','2026-03-24 12:24:06'),(847,1,'dV1txpEv7hZlolT0DytUWJWUYfaqD4ru8MXitf4l','127.0.0.1','2026-03-24',1,'19:24:06','2026-03-24 12:24:06','2026-03-24 12:24:06'),(848,1,'dV1txpEv7hZlolT0DytUWJWUYfaqD4ru8MXitf4l','127.0.0.1','2026-03-24',1,'19:24:12','2026-03-24 12:24:12','2026-03-24 12:24:12'),(849,1,'dV1txpEv7hZlolT0DytUWJWUYfaqD4ru8MXitf4l','127.0.0.1','2026-03-24',1,'19:24:15','2026-03-24 12:24:15','2026-03-24 12:24:15'),(850,1,'dV1txpEv7hZlolT0DytUWJWUYfaqD4ru8MXitf4l','127.0.0.1','2026-03-24',1,'19:24:16','2026-03-24 12:24:16','2026-03-24 12:24:16'),(851,1,'dV1txpEv7hZlolT0DytUWJWUYfaqD4ru8MXitf4l','127.0.0.1','2026-03-24',1,'19:24:17','2026-03-24 12:24:17','2026-03-24 12:24:17'),(852,1,'dV1txpEv7hZlolT0DytUWJWUYfaqD4ru8MXitf4l','127.0.0.1','2026-03-24',1,'19:24:19','2026-03-24 12:24:19','2026-03-24 12:24:19'),(853,1,'dV1txpEv7hZlolT0DytUWJWUYfaqD4ru8MXitf4l','127.0.0.1','2026-03-24',1,'19:24:21','2026-03-24 12:24:21','2026-03-24 12:24:21'),(854,1,'dV1txpEv7hZlolT0DytUWJWUYfaqD4ru8MXitf4l','127.0.0.1','2026-03-24',1,'19:24:22','2026-03-24 12:24:22','2026-03-24 12:24:22'),(855,1,'dV1txpEv7hZlolT0DytUWJWUYfaqD4ru8MXitf4l','127.0.0.1','2026-03-24',1,'19:24:24','2026-03-24 12:24:24','2026-03-24 12:24:24'),(856,1,'dV1txpEv7hZlolT0DytUWJWUYfaqD4ru8MXitf4l','127.0.0.1','2026-03-24',1,'19:24:24','2026-03-24 12:24:24','2026-03-24 12:24:24'),(857,1,'dV1txpEv7hZlolT0DytUWJWUYfaqD4ru8MXitf4l','127.0.0.1','2026-03-24',1,'19:24:31','2026-03-24 12:24:31','2026-03-24 12:24:31'),(858,1,'dV1txpEv7hZlolT0DytUWJWUYfaqD4ru8MXitf4l','127.0.0.1','2026-03-24',1,'19:24:32','2026-03-24 12:24:32','2026-03-24 12:24:32'),(859,1,'dV1txpEv7hZlolT0DytUWJWUYfaqD4ru8MXitf4l','127.0.0.1','2026-03-24',1,'19:24:32','2026-03-24 12:24:32','2026-03-24 12:24:32'),(860,1,'dV1txpEv7hZlolT0DytUWJWUYfaqD4ru8MXitf4l','127.0.0.1','2026-03-24',1,'19:24:32','2026-03-24 12:24:32','2026-03-24 12:24:32'),(861,1,'dV1txpEv7hZlolT0DytUWJWUYfaqD4ru8MXitf4l','127.0.0.1','2026-03-24',1,'19:24:39','2026-03-24 12:24:39','2026-03-24 12:24:39'),(862,1,'dV1txpEv7hZlolT0DytUWJWUYfaqD4ru8MXitf4l','127.0.0.1','2026-03-24',1,'19:24:53','2026-03-24 12:24:53','2026-03-24 12:24:53'),(863,1,'dV1txpEv7hZlolT0DytUWJWUYfaqD4ru8MXitf4l','127.0.0.1','2026-03-24',1,'19:24:57','2026-03-24 12:24:57','2026-03-24 12:24:57'),(864,1,'dV1txpEv7hZlolT0DytUWJWUYfaqD4ru8MXitf4l','127.0.0.1','2026-03-24',1,'19:25:00','2026-03-24 12:25:00','2026-03-24 12:25:00'),(865,1,'dV1txpEv7hZlolT0DytUWJWUYfaqD4ru8MXitf4l','127.0.0.1','2026-03-24',1,'19:25:41','2026-03-24 12:25:41','2026-03-24 12:25:41'),(866,1,'dV1txpEv7hZlolT0DytUWJWUYfaqD4ru8MXitf4l','127.0.0.1','2026-03-24',1,'19:25:51','2026-03-24 12:25:51','2026-03-24 12:25:51'),(867,1,'dV1txpEv7hZlolT0DytUWJWUYfaqD4ru8MXitf4l','127.0.0.1','2026-03-24',1,'19:25:51','2026-03-24 12:25:51','2026-03-24 12:25:51'),(868,1,'dV1txpEv7hZlolT0DytUWJWUYfaqD4ru8MXitf4l','127.0.0.1','2026-03-24',1,'19:25:51','2026-03-24 12:25:51','2026-03-24 12:25:51'),(869,1,'dV1txpEv7hZlolT0DytUWJWUYfaqD4ru8MXitf4l','127.0.0.1','2026-03-24',1,'19:26:56','2026-03-24 12:26:56','2026-03-24 12:26:56'),(870,1,'dV1txpEv7hZlolT0DytUWJWUYfaqD4ru8MXitf4l','127.0.0.1','2026-03-24',1,'19:26:57','2026-03-24 12:26:57','2026-03-24 12:26:57'),(871,1,'dV1txpEv7hZlolT0DytUWJWUYfaqD4ru8MXitf4l','127.0.0.1','2026-03-24',1,'19:26:57','2026-03-24 12:26:57','2026-03-24 12:26:57'),(872,1,'dV1txpEv7hZlolT0DytUWJWUYfaqD4ru8MXitf4l','127.0.0.1','2026-03-24',1,'19:27:01','2026-03-24 12:27:01','2026-03-24 12:27:01'),(873,1,'dV1txpEv7hZlolT0DytUWJWUYfaqD4ru8MXitf4l','127.0.0.1','2026-03-24',1,'19:27:01','2026-03-24 12:27:01','2026-03-24 12:27:01'),(874,1,'dV1txpEv7hZlolT0DytUWJWUYfaqD4ru8MXitf4l','127.0.0.1','2026-03-24',1,'19:27:13','2026-03-24 12:27:13','2026-03-24 12:27:13'),(875,1,'dV1txpEv7hZlolT0DytUWJWUYfaqD4ru8MXitf4l','127.0.0.1','2026-03-24',1,'19:27:30','2026-03-24 12:27:30','2026-03-24 12:27:30'),(876,1,'dV1txpEv7hZlolT0DytUWJWUYfaqD4ru8MXitf4l','127.0.0.1','2026-03-24',1,'19:27:32','2026-03-24 12:27:32','2026-03-24 12:27:32'),(877,1,'dV1txpEv7hZlolT0DytUWJWUYfaqD4ru8MXitf4l','127.0.0.1','2026-03-24',1,'19:27:32','2026-03-24 12:27:32','2026-03-24 12:27:32'),(878,1,'dV1txpEv7hZlolT0DytUWJWUYfaqD4ru8MXitf4l','127.0.0.1','2026-03-24',1,'19:27:35','2026-03-24 12:27:35','2026-03-24 12:27:35'),(879,1,'dV1txpEv7hZlolT0DytUWJWUYfaqD4ru8MXitf4l','127.0.0.1','2026-03-24',1,'19:27:35','2026-03-24 12:27:35','2026-03-24 12:27:35'),(880,1,'dV1txpEv7hZlolT0DytUWJWUYfaqD4ru8MXitf4l','127.0.0.1','2026-03-24',1,'19:28:37','2026-03-24 12:28:37','2026-03-24 12:28:37'),(881,1,'dV1txpEv7hZlolT0DytUWJWUYfaqD4ru8MXitf4l','127.0.0.1','2026-03-24',1,'19:28:38','2026-03-24 12:28:38','2026-03-24 12:28:38'),(882,1,'dV1txpEv7hZlolT0DytUWJWUYfaqD4ru8MXitf4l','127.0.0.1','2026-03-24',1,'19:28:38','2026-03-24 12:28:38','2026-03-24 12:28:38'),(883,1,'dV1txpEv7hZlolT0DytUWJWUYfaqD4ru8MXitf4l','127.0.0.1','2026-03-24',1,'19:28:38','2026-03-24 12:28:38','2026-03-24 12:28:38'),(884,1,'dV1txpEv7hZlolT0DytUWJWUYfaqD4ru8MXitf4l','127.0.0.1','2026-03-24',1,'19:28:45','2026-03-24 12:28:45','2026-03-24 12:28:45'),(885,2,'IHoyZ1vK2Rtw3ik0TCnZJxMXldcPkVyPY1jVXdz3','127.0.0.1','2026-03-24',1,'19:28:49','2026-03-24 12:28:49','2026-03-24 12:28:49'),(886,2,'IHoyZ1vK2Rtw3ik0TCnZJxMXldcPkVyPY1jVXdz3','127.0.0.1','2026-03-24',1,'19:28:52','2026-03-24 12:28:52','2026-03-24 12:28:52'),(887,2,'IHoyZ1vK2Rtw3ik0TCnZJxMXldcPkVyPY1jVXdz3','127.0.0.1','2026-03-24',1,'19:28:56','2026-03-24 12:28:56','2026-03-24 12:28:56'),(888,2,'IHoyZ1vK2Rtw3ik0TCnZJxMXldcPkVyPY1jVXdz3','127.0.0.1','2026-03-24',1,'19:28:59','2026-03-24 12:28:59','2026-03-24 12:28:59'),(889,2,'IHoyZ1vK2Rtw3ik0TCnZJxMXldcPkVyPY1jVXdz3','127.0.0.1','2026-03-24',1,'19:29:03','2026-03-24 12:29:03','2026-03-24 12:29:03'),(890,1,'dV1txpEv7hZlolT0DytUWJWUYfaqD4ru8MXitf4l','127.0.0.1','2026-03-24',1,'19:33:45','2026-03-24 12:33:45','2026-03-24 12:33:45'),(891,1,'dV1txpEv7hZlolT0DytUWJWUYfaqD4ru8MXitf4l','127.0.0.1','2026-03-24',1,'19:33:48','2026-03-24 12:33:48','2026-03-24 12:33:48'),(892,1,'dV1txpEv7hZlolT0DytUWJWUYfaqD4ru8MXitf4l','127.0.0.1','2026-03-24',1,'19:35:17','2026-03-24 12:35:17','2026-03-24 12:35:17'),(893,1,'dV1txpEv7hZlolT0DytUWJWUYfaqD4ru8MXitf4l','127.0.0.1','2026-03-24',1,'19:35:24','2026-03-24 12:35:24','2026-03-24 12:35:24'),(894,1,'dV1txpEv7hZlolT0DytUWJWUYfaqD4ru8MXitf4l','127.0.0.1','2026-03-24',1,'19:35:35','2026-03-24 12:35:35','2026-03-24 12:35:35'),(895,1,'dV1txpEv7hZlolT0DytUWJWUYfaqD4ru8MXitf4l','127.0.0.1','2026-03-24',1,'19:35:35','2026-03-24 12:35:35','2026-03-24 12:35:35'),(896,1,'dV1txpEv7hZlolT0DytUWJWUYfaqD4ru8MXitf4l','127.0.0.1','2026-03-24',1,'19:35:35','2026-03-24 12:35:35','2026-03-24 12:35:35'),(897,1,'dV1txpEv7hZlolT0DytUWJWUYfaqD4ru8MXitf4l','127.0.0.1','2026-03-24',1,'19:35:40','2026-03-24 12:35:40','2026-03-24 12:35:40'),(898,1,'dV1txpEv7hZlolT0DytUWJWUYfaqD4ru8MXitf4l','127.0.0.1','2026-03-24',1,'19:35:40','2026-03-24 12:35:40','2026-03-24 12:35:40'),(899,1,'dV1txpEv7hZlolT0DytUWJWUYfaqD4ru8MXitf4l','127.0.0.1','2026-03-24',1,'19:35:40','2026-03-24 12:35:40','2026-03-24 12:35:40'),(900,2,'IHoyZ1vK2Rtw3ik0TCnZJxMXldcPkVyPY1jVXdz3','127.0.0.1','2026-03-24',1,'19:40:44','2026-03-24 12:40:44','2026-03-24 12:40:44'),(901,2,'IHoyZ1vK2Rtw3ik0TCnZJxMXldcPkVyPY1jVXdz3','127.0.0.1','2026-03-24',1,'19:40:45','2026-03-24 12:40:45','2026-03-24 12:40:45'),(902,2,'IHoyZ1vK2Rtw3ik0TCnZJxMXldcPkVyPY1jVXdz3','127.0.0.1','2026-03-24',1,'19:40:50','2026-03-24 12:40:50','2026-03-24 12:40:50'),(903,2,'IHoyZ1vK2Rtw3ik0TCnZJxMXldcPkVyPY1jVXdz3','127.0.0.1','2026-03-24',1,'19:40:53','2026-03-24 12:40:53','2026-03-24 12:40:53'),(904,2,'IHoyZ1vK2Rtw3ik0TCnZJxMXldcPkVyPY1jVXdz3','127.0.0.1','2026-03-24',1,'19:40:56','2026-03-24 12:40:56','2026-03-24 12:40:56'),(905,2,'IHoyZ1vK2Rtw3ik0TCnZJxMXldcPkVyPY1jVXdz3','127.0.0.1','2026-03-24',1,'19:40:59','2026-03-24 12:40:59','2026-03-24 12:40:59'),(906,2,'IHoyZ1vK2Rtw3ik0TCnZJxMXldcPkVyPY1jVXdz3','127.0.0.1','2026-03-24',1,'19:43:39','2026-03-24 12:43:39','2026-03-24 12:43:39'),(907,2,'IHoyZ1vK2Rtw3ik0TCnZJxMXldcPkVyPY1jVXdz3','127.0.0.1','2026-03-24',1,'19:46:04','2026-03-24 12:46:04','2026-03-24 12:46:04'),(908,2,'IHoyZ1vK2Rtw3ik0TCnZJxMXldcPkVyPY1jVXdz3','127.0.0.1','2026-03-24',1,'19:46:05','2026-03-24 12:46:05','2026-03-24 12:46:05'),(909,2,'IHoyZ1vK2Rtw3ik0TCnZJxMXldcPkVyPY1jVXdz3','127.0.0.1','2026-03-24',1,'19:48:40','2026-03-24 12:48:40','2026-03-24 12:48:40'),(910,2,'IHoyZ1vK2Rtw3ik0TCnZJxMXldcPkVyPY1jVXdz3','127.0.0.1','2026-03-24',1,'19:48:45','2026-03-24 12:48:45','2026-03-24 12:48:45'),(911,2,'IHoyZ1vK2Rtw3ik0TCnZJxMXldcPkVyPY1jVXdz3','127.0.0.1','2026-03-24',1,'19:48:48','2026-03-24 12:48:48','2026-03-24 12:48:48'),(912,2,'IHoyZ1vK2Rtw3ik0TCnZJxMXldcPkVyPY1jVXdz3','127.0.0.1','2026-03-24',1,'19:48:50','2026-03-24 12:48:50','2026-03-24 12:48:50'),(913,2,'IHoyZ1vK2Rtw3ik0TCnZJxMXldcPkVyPY1jVXdz3','127.0.0.1','2026-03-24',1,'19:48:53','2026-03-24 12:48:53','2026-03-24 12:48:53'),(914,2,'IHoyZ1vK2Rtw3ik0TCnZJxMXldcPkVyPY1jVXdz3','127.0.0.1','2026-03-24',1,'19:48:56','2026-03-24 12:48:56','2026-03-24 12:48:56'),(915,2,'IHoyZ1vK2Rtw3ik0TCnZJxMXldcPkVyPY1jVXdz3','127.0.0.1','2026-03-24',1,'19:52:43','2026-03-24 12:52:43','2026-03-24 12:52:43'),(916,2,'IHoyZ1vK2Rtw3ik0TCnZJxMXldcPkVyPY1jVXdz3','127.0.0.1','2026-03-24',1,'19:52:49','2026-03-24 12:52:49','2026-03-24 12:52:49'),(917,2,'IHoyZ1vK2Rtw3ik0TCnZJxMXldcPkVyPY1jVXdz3','127.0.0.1','2026-03-24',1,'19:52:56','2026-03-24 12:52:56','2026-03-24 12:52:56'),(918,2,'IHoyZ1vK2Rtw3ik0TCnZJxMXldcPkVyPY1jVXdz3','127.0.0.1','2026-03-24',1,'19:53:01','2026-03-24 12:53:01','2026-03-24 12:53:01'),(919,2,'IHoyZ1vK2Rtw3ik0TCnZJxMXldcPkVyPY1jVXdz3','127.0.0.1','2026-03-24',1,'19:53:05','2026-03-24 12:53:05','2026-03-24 12:53:05'),(920,2,'IHoyZ1vK2Rtw3ik0TCnZJxMXldcPkVyPY1jVXdz3','127.0.0.1','2026-03-24',1,'19:53:29','2026-03-24 12:53:29','2026-03-24 12:53:29'),(921,2,'IHoyZ1vK2Rtw3ik0TCnZJxMXldcPkVyPY1jVXdz3','127.0.0.1','2026-03-24',1,'19:53:32','2026-03-24 12:53:32','2026-03-24 12:53:32'),(922,2,'IHoyZ1vK2Rtw3ik0TCnZJxMXldcPkVyPY1jVXdz3','127.0.0.1','2026-03-24',1,'19:53:42','2026-03-24 12:53:42','2026-03-24 12:53:42'),(923,2,'IHoyZ1vK2Rtw3ik0TCnZJxMXldcPkVyPY1jVXdz3','127.0.0.1','2026-03-24',1,'19:53:50','2026-03-24 12:53:50','2026-03-24 12:53:50'),(924,2,'IHoyZ1vK2Rtw3ik0TCnZJxMXldcPkVyPY1jVXdz3','127.0.0.1','2026-03-24',1,'19:53:53','2026-03-24 12:53:53','2026-03-24 12:53:53'),(925,2,'IHoyZ1vK2Rtw3ik0TCnZJxMXldcPkVyPY1jVXdz3','127.0.0.1','2026-03-24',1,'19:53:57','2026-03-24 12:53:57','2026-03-24 12:53:57'),(926,2,'IHoyZ1vK2Rtw3ik0TCnZJxMXldcPkVyPY1jVXdz3','127.0.0.1','2026-03-24',1,'19:54:00','2026-03-24 12:54:00','2026-03-24 12:54:00'),(927,2,'IHoyZ1vK2Rtw3ik0TCnZJxMXldcPkVyPY1jVXdz3','127.0.0.1','2026-03-24',1,'19:54:03','2026-03-24 12:54:03','2026-03-24 12:54:03'),(928,2,'IHoyZ1vK2Rtw3ik0TCnZJxMXldcPkVyPY1jVXdz3','127.0.0.1','2026-03-24',1,'19:55:18','2026-03-24 12:55:18','2026-03-24 12:55:18'),(929,1,'dV1txpEv7hZlolT0DytUWJWUYfaqD4ru8MXitf4l','127.0.0.1','2026-03-24',1,'19:55:24','2026-03-24 12:55:24','2026-03-24 12:55:24'),(930,1,'dV1txpEv7hZlolT0DytUWJWUYfaqD4ru8MXitf4l','127.0.0.1','2026-03-24',1,'19:55:27','2026-03-24 12:55:27','2026-03-24 12:55:27'),(931,1,'dV1txpEv7hZlolT0DytUWJWUYfaqD4ru8MXitf4l','127.0.0.1','2026-03-24',1,'19:55:39','2026-03-24 12:55:39','2026-03-24 12:55:39'),(932,1,'dV1txpEv7hZlolT0DytUWJWUYfaqD4ru8MXitf4l','127.0.0.1','2026-03-24',1,'19:56:16','2026-03-24 12:56:16','2026-03-24 12:56:16'),(933,1,'dV1txpEv7hZlolT0DytUWJWUYfaqD4ru8MXitf4l','127.0.0.1','2026-03-24',1,'19:56:31','2026-03-24 12:56:31','2026-03-24 12:56:31'),(934,1,'dV1txpEv7hZlolT0DytUWJWUYfaqD4ru8MXitf4l','127.0.0.1','2026-03-24',1,'19:56:32','2026-03-24 12:56:32','2026-03-24 12:56:32'),(935,1,'dV1txpEv7hZlolT0DytUWJWUYfaqD4ru8MXitf4l','127.0.0.1','2026-03-24',1,'19:56:32','2026-03-24 12:56:32','2026-03-24 12:56:32'),(936,1,'dV1txpEv7hZlolT0DytUWJWUYfaqD4ru8MXitf4l','127.0.0.1','2026-03-24',1,'19:56:53','2026-03-24 12:56:53','2026-03-24 12:56:53'),(937,1,'dV1txpEv7hZlolT0DytUWJWUYfaqD4ru8MXitf4l','127.0.0.1','2026-03-24',1,'19:56:53','2026-03-24 12:56:53','2026-03-24 12:56:53'),(938,1,'dV1txpEv7hZlolT0DytUWJWUYfaqD4ru8MXitf4l','127.0.0.1','2026-03-24',1,'19:56:53','2026-03-24 12:56:53','2026-03-24 12:56:53'),(939,1,'dV1txpEv7hZlolT0DytUWJWUYfaqD4ru8MXitf4l','127.0.0.1','2026-03-24',1,'19:56:57','2026-03-24 12:56:57','2026-03-24 12:56:57'),(940,1,'dV1txpEv7hZlolT0DytUWJWUYfaqD4ru8MXitf4l','127.0.0.1','2026-03-24',1,'19:56:57','2026-03-24 12:56:57','2026-03-24 12:56:57'),(941,2,'IHoyZ1vK2Rtw3ik0TCnZJxMXldcPkVyPY1jVXdz3','127.0.0.1','2026-03-24',1,'19:57:07','2026-03-24 12:57:07','2026-03-24 12:57:07'),(942,2,'IHoyZ1vK2Rtw3ik0TCnZJxMXldcPkVyPY1jVXdz3','127.0.0.1','2026-03-24',1,'19:57:13','2026-03-24 12:57:13','2026-03-24 12:57:13'),(943,2,'IHoyZ1vK2Rtw3ik0TCnZJxMXldcPkVyPY1jVXdz3','127.0.0.1','2026-03-24',1,'19:57:18','2026-03-24 12:57:18','2026-03-24 12:57:18'),(944,2,'IHoyZ1vK2Rtw3ik0TCnZJxMXldcPkVyPY1jVXdz3','127.0.0.1','2026-03-24',1,'19:59:16','2026-03-24 12:59:16','2026-03-24 12:59:16'),(945,2,'IHoyZ1vK2Rtw3ik0TCnZJxMXldcPkVyPY1jVXdz3','127.0.0.1','2026-03-24',1,'19:59:22','2026-03-24 12:59:22','2026-03-24 12:59:22'),(946,2,'IHoyZ1vK2Rtw3ik0TCnZJxMXldcPkVyPY1jVXdz3','127.0.0.1','2026-03-24',1,'19:59:26','2026-03-24 12:59:26','2026-03-24 12:59:26'),(947,2,'IHoyZ1vK2Rtw3ik0TCnZJxMXldcPkVyPY1jVXdz3','127.0.0.1','2026-03-24',1,'19:59:29','2026-03-24 12:59:29','2026-03-24 12:59:29'),(948,2,'IHoyZ1vK2Rtw3ik0TCnZJxMXldcPkVyPY1jVXdz3','127.0.0.1','2026-03-24',1,'19:59:32','2026-03-24 12:59:32','2026-03-24 12:59:32'),(949,2,'IHoyZ1vK2Rtw3ik0TCnZJxMXldcPkVyPY1jVXdz3','127.0.0.1','2026-03-24',1,'20:04:16','2026-03-24 13:04:16','2026-03-24 13:04:16'),(950,2,'IHoyZ1vK2Rtw3ik0TCnZJxMXldcPkVyPY1jVXdz3','127.0.0.1','2026-03-24',1,'20:04:18','2026-03-24 13:04:18','2026-03-24 13:04:18'),(951,2,'IHoyZ1vK2Rtw3ik0TCnZJxMXldcPkVyPY1jVXdz3','127.0.0.1','2026-03-24',1,'20:04:21','2026-03-24 13:04:21','2026-03-24 13:04:21'),(952,2,'IHoyZ1vK2Rtw3ik0TCnZJxMXldcPkVyPY1jVXdz3','127.0.0.1','2026-03-24',1,'20:04:35','2026-03-24 13:04:35','2026-03-24 13:04:35'),(953,2,'IHoyZ1vK2Rtw3ik0TCnZJxMXldcPkVyPY1jVXdz3','127.0.0.1','2026-03-24',1,'20:07:41','2026-03-24 13:07:41','2026-03-24 13:07:41'),(954,2,'IHoyZ1vK2Rtw3ik0TCnZJxMXldcPkVyPY1jVXdz3','127.0.0.1','2026-03-24',1,'20:09:50','2026-03-24 13:09:50','2026-03-24 13:09:50'),(955,2,'IHoyZ1vK2Rtw3ik0TCnZJxMXldcPkVyPY1jVXdz3','127.0.0.1','2026-03-24',1,'20:09:53','2026-03-24 13:09:53','2026-03-24 13:09:53'),(956,2,'IHoyZ1vK2Rtw3ik0TCnZJxMXldcPkVyPY1jVXdz3','127.0.0.1','2026-03-24',1,'20:09:56','2026-03-24 13:09:56','2026-03-24 13:09:56'),(957,2,'IHoyZ1vK2Rtw3ik0TCnZJxMXldcPkVyPY1jVXdz3','127.0.0.1','2026-03-24',1,'20:10:00','2026-03-24 13:10:00','2026-03-24 13:10:00'),(958,2,'IHoyZ1vK2Rtw3ik0TCnZJxMXldcPkVyPY1jVXdz3','127.0.0.1','2026-03-24',1,'20:10:04','2026-03-24 13:10:04','2026-03-24 13:10:04'),(959,2,'IHoyZ1vK2Rtw3ik0TCnZJxMXldcPkVyPY1jVXdz3','127.0.0.1','2026-03-24',1,'20:10:07','2026-03-24 13:10:07','2026-03-24 13:10:07'),(960,2,'IHoyZ1vK2Rtw3ik0TCnZJxMXldcPkVyPY1jVXdz3','127.0.0.1','2026-03-24',1,'20:12:56','2026-03-24 13:12:56','2026-03-24 13:12:56'),(961,2,'IHoyZ1vK2Rtw3ik0TCnZJxMXldcPkVyPY1jVXdz3','127.0.0.1','2026-03-24',1,'20:12:59','2026-03-24 13:12:59','2026-03-24 13:12:59'),(962,2,'IHoyZ1vK2Rtw3ik0TCnZJxMXldcPkVyPY1jVXdz3','127.0.0.1','2026-03-24',1,'20:13:12','2026-03-24 13:13:12','2026-03-24 13:13:12'),(963,2,'IHoyZ1vK2Rtw3ik0TCnZJxMXldcPkVyPY1jVXdz3','127.0.0.1','2026-03-24',1,'20:13:27','2026-03-24 13:13:27','2026-03-24 13:13:27'),(964,2,'IHoyZ1vK2Rtw3ik0TCnZJxMXldcPkVyPY1jVXdz3','127.0.0.1','2026-03-24',1,'20:15:32','2026-03-24 13:15:32','2026-03-24 13:15:32'),(965,2,'IHoyZ1vK2Rtw3ik0TCnZJxMXldcPkVyPY1jVXdz3','127.0.0.1','2026-03-24',1,'20:15:35','2026-03-24 13:15:35','2026-03-24 13:15:35'),(966,2,'IHoyZ1vK2Rtw3ik0TCnZJxMXldcPkVyPY1jVXdz3','127.0.0.1','2026-03-24',1,'20:15:39','2026-03-24 13:15:39','2026-03-24 13:15:39'),(967,2,'IHoyZ1vK2Rtw3ik0TCnZJxMXldcPkVyPY1jVXdz3','127.0.0.1','2026-03-24',1,'20:15:42','2026-03-24 13:15:42','2026-03-24 13:15:42'),(968,2,'IHoyZ1vK2Rtw3ik0TCnZJxMXldcPkVyPY1jVXdz3','127.0.0.1','2026-03-24',1,'20:15:43','2026-03-24 13:15:43','2026-03-24 13:15:43'),(969,2,'IHoyZ1vK2Rtw3ik0TCnZJxMXldcPkVyPY1jVXdz3','127.0.0.1','2026-03-24',1,'20:15:46','2026-03-24 13:15:46','2026-03-24 13:15:46'),(970,1,'dV1txpEv7hZlolT0DytUWJWUYfaqD4ru8MXitf4l','127.0.0.1','2026-03-24',1,'20:33:02','2026-03-24 13:33:02','2026-03-24 13:33:02'),(971,1,'dV1txpEv7hZlolT0DytUWJWUYfaqD4ru8MXitf4l','127.0.0.1','2026-03-24',1,'20:33:22','2026-03-24 13:33:22','2026-03-24 13:33:22'),(972,1,'dV1txpEv7hZlolT0DytUWJWUYfaqD4ru8MXitf4l','127.0.0.1','2026-03-24',1,'20:33:23','2026-03-24 13:33:23','2026-03-24 13:33:23'),(973,1,'dV1txpEv7hZlolT0DytUWJWUYfaqD4ru8MXitf4l','127.0.0.1','2026-03-24',1,'20:33:28','2026-03-24 13:33:28','2026-03-24 13:33:28'),(974,1,'dV1txpEv7hZlolT0DytUWJWUYfaqD4ru8MXitf4l','127.0.0.1','2026-03-24',1,'20:33:37','2026-03-24 13:33:37','2026-03-24 13:33:37'),(975,1,'dV1txpEv7hZlolT0DytUWJWUYfaqD4ru8MXitf4l','127.0.0.1','2026-03-24',1,'20:33:53','2026-03-24 13:33:53','2026-03-24 13:33:53'),(976,1,'dV1txpEv7hZlolT0DytUWJWUYfaqD4ru8MXitf4l','127.0.0.1','2026-03-24',1,'20:33:53','2026-03-24 13:33:53','2026-03-24 13:33:53'),(977,1,'dV1txpEv7hZlolT0DytUWJWUYfaqD4ru8MXitf4l','127.0.0.1','2026-03-24',1,'20:34:00','2026-03-24 13:34:00','2026-03-24 13:34:00'),(978,1,'dV1txpEv7hZlolT0DytUWJWUYfaqD4ru8MXitf4l','127.0.0.1','2026-03-24',1,'20:34:03','2026-03-24 13:34:03','2026-03-24 13:34:03'),(979,1,'dV1txpEv7hZlolT0DytUWJWUYfaqD4ru8MXitf4l','127.0.0.1','2026-03-24',1,'20:34:05','2026-03-24 13:34:05','2026-03-24 13:34:05'),(980,2,'IHoyZ1vK2Rtw3ik0TCnZJxMXldcPkVyPY1jVXdz3','127.0.0.1','2026-03-24',1,'20:34:13','2026-03-24 13:34:13','2026-03-24 13:34:13'),(981,2,'IHoyZ1vK2Rtw3ik0TCnZJxMXldcPkVyPY1jVXdz3','127.0.0.1','2026-03-24',1,'20:55:49','2026-03-24 13:55:49','2026-03-24 13:55:49'),(982,1,'dV1txpEv7hZlolT0DytUWJWUYfaqD4ru8MXitf4l','127.0.0.1','2026-03-24',1,'20:56:25','2026-03-24 13:56:25','2026-03-24 13:56:25'),(983,1,'dV1txpEv7hZlolT0DytUWJWUYfaqD4ru8MXitf4l','127.0.0.1','2026-03-24',1,'20:56:34','2026-03-24 13:56:34','2026-03-24 13:56:34'),(984,1,'dV1txpEv7hZlolT0DytUWJWUYfaqD4ru8MXitf4l','127.0.0.1','2026-03-24',1,'20:56:39','2026-03-24 13:56:39','2026-03-24 13:56:39'),(985,1,'dV1txpEv7hZlolT0DytUWJWUYfaqD4ru8MXitf4l','127.0.0.1','2026-03-24',1,'20:56:55','2026-03-24 13:56:55','2026-03-24 13:56:55'),(986,1,'dV1txpEv7hZlolT0DytUWJWUYfaqD4ru8MXitf4l','127.0.0.1','2026-03-24',1,'20:56:56','2026-03-24 13:56:56','2026-03-24 13:56:56'),(987,1,'dV1txpEv7hZlolT0DytUWJWUYfaqD4ru8MXitf4l','127.0.0.1','2026-03-24',1,'20:56:59','2026-03-24 13:56:59','2026-03-24 13:56:59'),(988,1,'dV1txpEv7hZlolT0DytUWJWUYfaqD4ru8MXitf4l','127.0.0.1','2026-03-24',1,'20:56:59','2026-03-24 13:56:59','2026-03-24 13:56:59'),(989,1,'dV1txpEv7hZlolT0DytUWJWUYfaqD4ru8MXitf4l','127.0.0.1','2026-03-24',1,'20:57:03','2026-03-24 13:57:03','2026-03-24 13:57:03'),(990,1,'dV1txpEv7hZlolT0DytUWJWUYfaqD4ru8MXitf4l','127.0.0.1','2026-03-24',1,'20:57:03','2026-03-24 13:57:03','2026-03-24 13:57:03'),(991,2,'IHoyZ1vK2Rtw3ik0TCnZJxMXldcPkVyPY1jVXdz3','127.0.0.1','2026-03-24',1,'20:57:12','2026-03-24 13:57:12','2026-03-24 13:57:12'),(992,2,'IHoyZ1vK2Rtw3ik0TCnZJxMXldcPkVyPY1jVXdz3','127.0.0.1','2026-03-24',1,'20:58:37','2026-03-24 13:58:37','2026-03-24 13:58:37'),(993,2,'IHoyZ1vK2Rtw3ik0TCnZJxMXldcPkVyPY1jVXdz3','127.0.0.1','2026-03-24',1,'20:58:39','2026-03-24 13:58:39','2026-03-24 13:58:39'),(994,2,'IHoyZ1vK2Rtw3ik0TCnZJxMXldcPkVyPY1jVXdz3','127.0.0.1','2026-03-24',1,'20:58:54','2026-03-24 13:58:54','2026-03-24 13:58:54'),(995,2,'IHoyZ1vK2Rtw3ik0TCnZJxMXldcPkVyPY1jVXdz3','127.0.0.1','2026-03-24',1,'21:19:30','2026-03-24 14:19:30','2026-03-24 14:19:30'),(996,2,'IHoyZ1vK2Rtw3ik0TCnZJxMXldcPkVyPY1jVXdz3','127.0.0.1','2026-03-24',1,'21:46:48','2026-03-24 14:46:48','2026-03-24 14:46:48'),(997,2,'IHoyZ1vK2Rtw3ik0TCnZJxMXldcPkVyPY1jVXdz3','127.0.0.1','2026-03-24',1,'21:47:12','2026-03-24 14:47:12','2026-03-24 14:47:12'),(998,2,'IHoyZ1vK2Rtw3ik0TCnZJxMXldcPkVyPY1jVXdz3','127.0.0.1','2026-03-24',1,'21:47:17','2026-03-24 14:47:17','2026-03-24 14:47:17'),(999,2,'IHoyZ1vK2Rtw3ik0TCnZJxMXldcPkVyPY1jVXdz3','127.0.0.1','2026-03-24',1,'21:52:29','2026-03-24 14:52:29','2026-03-24 14:52:29'),(1000,2,'IHoyZ1vK2Rtw3ik0TCnZJxMXldcPkVyPY1jVXdz3','127.0.0.1','2026-03-24',1,'21:53:16','2026-03-24 14:53:16','2026-03-24 14:53:16'),(1001,2,'IHoyZ1vK2Rtw3ik0TCnZJxMXldcPkVyPY1jVXdz3','127.0.0.1','2026-03-24',1,'21:54:18','2026-03-24 14:54:18','2026-03-24 14:54:18'),(1002,2,'IHoyZ1vK2Rtw3ik0TCnZJxMXldcPkVyPY1jVXdz3','127.0.0.1','2026-03-24',1,'21:57:22','2026-03-24 14:57:22','2026-03-24 14:57:22'),(1003,2,'IHoyZ1vK2Rtw3ik0TCnZJxMXldcPkVyPY1jVXdz3','127.0.0.1','2026-03-24',1,'21:58:19','2026-03-24 14:58:19','2026-03-24 14:58:19'),(1004,2,'IHoyZ1vK2Rtw3ik0TCnZJxMXldcPkVyPY1jVXdz3','127.0.0.1','2026-03-24',1,'21:58:22','2026-03-24 14:58:22','2026-03-24 14:58:22'),(1005,2,'IHoyZ1vK2Rtw3ik0TCnZJxMXldcPkVyPY1jVXdz3','127.0.0.1','2026-03-24',1,'21:58:31','2026-03-24 14:58:31','2026-03-24 14:58:31'),(1006,2,'IHoyZ1vK2Rtw3ik0TCnZJxMXldcPkVyPY1jVXdz3','127.0.0.1','2026-03-24',1,'21:58:34','2026-03-24 14:58:34','2026-03-24 14:58:34'),(1007,2,'IHoyZ1vK2Rtw3ik0TCnZJxMXldcPkVyPY1jVXdz3','127.0.0.1','2026-03-24',1,'21:58:36','2026-03-24 14:58:36','2026-03-24 14:58:36'),(1008,2,'IHoyZ1vK2Rtw3ik0TCnZJxMXldcPkVyPY1jVXdz3','127.0.0.1','2026-03-24',1,'21:58:38','2026-03-24 14:58:38','2026-03-24 14:58:38'),(1009,2,'IHoyZ1vK2Rtw3ik0TCnZJxMXldcPkVyPY1jVXdz3','127.0.0.1','2026-03-24',1,'21:58:41','2026-03-24 14:58:41','2026-03-24 14:58:41'),(1010,2,'IHoyZ1vK2Rtw3ik0TCnZJxMXldcPkVyPY1jVXdz3','127.0.0.1','2026-03-24',1,'21:59:57','2026-03-24 14:59:57','2026-03-24 14:59:57'),(1011,2,'IHoyZ1vK2Rtw3ik0TCnZJxMXldcPkVyPY1jVXdz3','127.0.0.1','2026-03-24',1,'22:00:14','2026-03-24 15:00:14','2026-03-24 15:00:14'),(1012,2,'IHoyZ1vK2Rtw3ik0TCnZJxMXldcPkVyPY1jVXdz3','127.0.0.1','2026-03-24',1,'22:01:33','2026-03-24 15:01:33','2026-03-24 15:01:33'),(1013,2,'IHoyZ1vK2Rtw3ik0TCnZJxMXldcPkVyPY1jVXdz3','127.0.0.1','2026-03-24',1,'22:01:37','2026-03-24 15:01:37','2026-03-24 15:01:37'),(1014,2,'IHoyZ1vK2Rtw3ik0TCnZJxMXldcPkVyPY1jVXdz3','127.0.0.1','2026-03-24',1,'22:01:39','2026-03-24 15:01:39','2026-03-24 15:01:39'),(1015,2,'IHoyZ1vK2Rtw3ik0TCnZJxMXldcPkVyPY1jVXdz3','127.0.0.1','2026-03-24',1,'22:01:41','2026-03-24 15:01:41','2026-03-24 15:01:41'),(1016,2,'IHoyZ1vK2Rtw3ik0TCnZJxMXldcPkVyPY1jVXdz3','127.0.0.1','2026-03-24',1,'22:01:43','2026-03-24 15:01:43','2026-03-24 15:01:43'),(1017,2,'IHoyZ1vK2Rtw3ik0TCnZJxMXldcPkVyPY1jVXdz3','127.0.0.1','2026-03-24',1,'22:01:45','2026-03-24 15:01:45','2026-03-24 15:01:45'),(1018,2,'IHoyZ1vK2Rtw3ik0TCnZJxMXldcPkVyPY1jVXdz3','127.0.0.1','2026-03-24',1,'22:01:47','2026-03-24 15:01:47','2026-03-24 15:01:47'),(1019,2,'IHoyZ1vK2Rtw3ik0TCnZJxMXldcPkVyPY1jVXdz3','127.0.0.1','2026-03-24',1,'22:01:49','2026-03-24 15:01:49','2026-03-24 15:01:49'),(1020,2,'IHoyZ1vK2Rtw3ik0TCnZJxMXldcPkVyPY1jVXdz3','127.0.0.1','2026-03-24',1,'22:02:02','2026-03-24 15:02:02','2026-03-24 15:02:02'),(1021,2,'IHoyZ1vK2Rtw3ik0TCnZJxMXldcPkVyPY1jVXdz3','127.0.0.1','2026-03-24',1,'22:09:27','2026-03-24 15:09:27','2026-03-24 15:09:27'),(1022,2,'IHoyZ1vK2Rtw3ik0TCnZJxMXldcPkVyPY1jVXdz3','127.0.0.1','2026-03-24',1,'22:09:31','2026-03-24 15:09:31','2026-03-24 15:09:31'),(1023,2,'IHoyZ1vK2Rtw3ik0TCnZJxMXldcPkVyPY1jVXdz3','127.0.0.1','2026-03-24',1,'22:09:39','2026-03-24 15:09:39','2026-03-24 15:09:39'),(1024,2,'IHoyZ1vK2Rtw3ik0TCnZJxMXldcPkVyPY1jVXdz3','127.0.0.1','2026-03-24',1,'22:09:42','2026-03-24 15:09:42','2026-03-24 15:09:42'),(1025,2,'IHoyZ1vK2Rtw3ik0TCnZJxMXldcPkVyPY1jVXdz3','127.0.0.1','2026-03-24',1,'22:09:45','2026-03-24 15:09:45','2026-03-24 15:09:45'),(1026,2,'IHoyZ1vK2Rtw3ik0TCnZJxMXldcPkVyPY1jVXdz3','127.0.0.1','2026-03-24',1,'22:09:49','2026-03-24 15:09:49','2026-03-24 15:09:49'),(1027,2,'IHoyZ1vK2Rtw3ik0TCnZJxMXldcPkVyPY1jVXdz3','127.0.0.1','2026-03-24',1,'22:09:54','2026-03-24 15:09:54','2026-03-24 15:09:54'),(1028,2,'IHoyZ1vK2Rtw3ik0TCnZJxMXldcPkVyPY1jVXdz3','127.0.0.1','2026-03-24',1,'22:10:03','2026-03-24 15:10:03','2026-03-24 15:10:03'),(1029,2,'IHoyZ1vK2Rtw3ik0TCnZJxMXldcPkVyPY1jVXdz3','127.0.0.1','2026-03-24',1,'22:10:07','2026-03-24 15:10:07','2026-03-24 15:10:07'),(1030,2,'IHoyZ1vK2Rtw3ik0TCnZJxMXldcPkVyPY1jVXdz3','127.0.0.1','2026-03-24',1,'22:10:16','2026-03-24 15:10:16','2026-03-24 15:10:16'),(1031,2,'IHoyZ1vK2Rtw3ik0TCnZJxMXldcPkVyPY1jVXdz3','127.0.0.1','2026-03-24',1,'22:10:21','2026-03-24 15:10:21','2026-03-24 15:10:21'),(1032,2,'IHoyZ1vK2Rtw3ik0TCnZJxMXldcPkVyPY1jVXdz3','127.0.0.1','2026-03-24',1,'22:10:30','2026-03-24 15:10:30','2026-03-24 15:10:30'),(1033,2,'IHoyZ1vK2Rtw3ik0TCnZJxMXldcPkVyPY1jVXdz3','127.0.0.1','2026-03-24',1,'22:10:34','2026-03-24 15:10:34','2026-03-24 15:10:34'),(1034,2,'IHoyZ1vK2Rtw3ik0TCnZJxMXldcPkVyPY1jVXdz3','127.0.0.1','2026-03-24',1,'22:10:40','2026-03-24 15:10:40','2026-03-24 15:10:40'),(1035,2,'IHoyZ1vK2Rtw3ik0TCnZJxMXldcPkVyPY1jVXdz3','127.0.0.1','2026-03-24',1,'22:11:03','2026-03-24 15:11:03','2026-03-24 15:11:03'),(1036,2,'IHoyZ1vK2Rtw3ik0TCnZJxMXldcPkVyPY1jVXdz3','127.0.0.1','2026-03-24',1,'22:11:18','2026-03-24 15:11:18','2026-03-24 15:11:18'),(1037,2,'IHoyZ1vK2Rtw3ik0TCnZJxMXldcPkVyPY1jVXdz3','127.0.0.1','2026-03-24',1,'22:16:43','2026-03-24 15:16:43','2026-03-24 15:16:43'),(1038,2,'IHoyZ1vK2Rtw3ik0TCnZJxMXldcPkVyPY1jVXdz3','127.0.0.1','2026-03-24',1,'22:19:14','2026-03-24 15:19:14','2026-03-24 15:19:14'),(1039,2,'IHoyZ1vK2Rtw3ik0TCnZJxMXldcPkVyPY1jVXdz3','127.0.0.1','2026-03-24',1,'22:19:15','2026-03-24 15:19:15','2026-03-24 15:19:15'),(1040,2,'IHoyZ1vK2Rtw3ik0TCnZJxMXldcPkVyPY1jVXdz3','127.0.0.1','2026-03-24',1,'22:19:23','2026-03-24 15:19:23','2026-03-24 15:19:23'),(1041,2,'IHoyZ1vK2Rtw3ik0TCnZJxMXldcPkVyPY1jVXdz3','127.0.0.1','2026-03-24',1,'22:21:15','2026-03-24 15:21:15','2026-03-24 15:21:15'),(1042,2,'IHoyZ1vK2Rtw3ik0TCnZJxMXldcPkVyPY1jVXdz3','127.0.0.1','2026-03-24',1,'22:23:55','2026-03-24 15:23:55','2026-03-24 15:23:55'),(1043,2,'IHoyZ1vK2Rtw3ik0TCnZJxMXldcPkVyPY1jVXdz3','127.0.0.1','2026-03-24',1,'22:23:59','2026-03-24 15:23:59','2026-03-24 15:23:59'),(1044,2,'IHoyZ1vK2Rtw3ik0TCnZJxMXldcPkVyPY1jVXdz3','127.0.0.1','2026-03-24',1,'22:31:02','2026-03-24 15:31:02','2026-03-24 15:31:02'),(1045,2,'IHoyZ1vK2Rtw3ik0TCnZJxMXldcPkVyPY1jVXdz3','127.0.0.1','2026-03-24',1,'22:32:11','2026-03-24 15:32:11','2026-03-24 15:32:11'),(1046,NULL,'4YhZgZ4I45qOWp1wlB0vCS0bB9nuNYaez7iEjNAy','127.0.0.1','2026-03-24',1,'22:32:11','2026-03-24 15:32:11','2026-03-24 15:32:11'),(1047,NULL,'4YhZgZ4I45qOWp1wlB0vCS0bB9nuNYaez7iEjNAy','127.0.0.1','2026-03-24',1,'22:32:16','2026-03-24 15:32:16','2026-03-24 15:32:16'),(1048,NULL,'4YhZgZ4I45qOWp1wlB0vCS0bB9nuNYaez7iEjNAy','127.0.0.1','2026-03-24',1,'22:32:21','2026-03-24 15:32:21','2026-03-24 15:32:21'),(1049,NULL,'4YhZgZ4I45qOWp1wlB0vCS0bB9nuNYaez7iEjNAy','127.0.0.1','2026-03-24',1,'22:34:56','2026-03-24 15:34:56','2026-03-24 15:34:56'),(1050,NULL,'4YhZgZ4I45qOWp1wlB0vCS0bB9nuNYaez7iEjNAy','127.0.0.1','2026-03-24',1,'22:35:10','2026-03-24 15:35:10','2026-03-24 15:35:10'),(1051,NULL,'4YhZgZ4I45qOWp1wlB0vCS0bB9nuNYaez7iEjNAy','127.0.0.1','2026-03-24',1,'22:35:10','2026-03-24 15:35:10','2026-03-24 15:35:10'),(1052,NULL,'4YhZgZ4I45qOWp1wlB0vCS0bB9nuNYaez7iEjNAy','127.0.0.1','2026-03-24',1,'22:35:11','2026-03-24 15:35:11','2026-03-24 15:35:11'),(1053,NULL,'4YhZgZ4I45qOWp1wlB0vCS0bB9nuNYaez7iEjNAy','127.0.0.1','2026-03-24',1,'22:35:11','2026-03-24 15:35:11','2026-03-24 15:35:11'),(1054,NULL,'4YhZgZ4I45qOWp1wlB0vCS0bB9nuNYaez7iEjNAy','127.0.0.1','2026-03-24',1,'22:36:57','2026-03-24 15:36:57','2026-03-24 15:36:57'),(1055,NULL,'4YhZgZ4I45qOWp1wlB0vCS0bB9nuNYaez7iEjNAy','127.0.0.1','2026-03-24',1,'22:38:54','2026-03-24 15:38:54','2026-03-24 15:38:54'),(1056,NULL,'4YhZgZ4I45qOWp1wlB0vCS0bB9nuNYaez7iEjNAy','127.0.0.1','2026-03-24',1,'22:39:07','2026-03-24 15:39:07','2026-03-24 15:39:07'),(1057,NULL,'4YhZgZ4I45qOWp1wlB0vCS0bB9nuNYaez7iEjNAy','127.0.0.1','2026-03-24',1,'22:39:11','2026-03-24 15:39:11','2026-03-24 15:39:11'),(1058,NULL,'4YhZgZ4I45qOWp1wlB0vCS0bB9nuNYaez7iEjNAy','127.0.0.1','2026-03-24',1,'22:39:18','2026-03-24 15:39:18','2026-03-24 15:39:18'),(1059,NULL,'4YhZgZ4I45qOWp1wlB0vCS0bB9nuNYaez7iEjNAy','127.0.0.1','2026-03-24',1,'22:39:35','2026-03-24 15:39:35','2026-03-24 15:39:35'),(1060,NULL,'PQc7izCbAdYd0d0jAhSvXXseEnxhsaO5DEq6KVJh','127.0.0.1','2026-03-28',1,'14:05:05','2026-03-28 07:05:05','2026-03-28 07:05:05'),(1061,NULL,'PQc7izCbAdYd0d0jAhSvXXseEnxhsaO5DEq6KVJh','127.0.0.1','2026-03-28',1,'14:05:24','2026-03-28 07:05:24','2026-03-28 07:05:24'),(1062,NULL,'PQc7izCbAdYd0d0jAhSvXXseEnxhsaO5DEq6KVJh','127.0.0.1','2026-03-28',1,'14:05:48','2026-03-28 07:05:48','2026-03-28 07:05:48'),(1063,NULL,'PQc7izCbAdYd0d0jAhSvXXseEnxhsaO5DEq6KVJh','127.0.0.1','2026-03-28',1,'14:09:23','2026-03-28 07:09:23','2026-03-28 07:09:23'),(1064,NULL,'PQc7izCbAdYd0d0jAhSvXXseEnxhsaO5DEq6KVJh','127.0.0.1','2026-03-28',1,'14:09:23','2026-03-28 07:09:23','2026-03-28 07:09:23'),(1065,1,'PhDJkhRIv2d3jJANATWCcZsT005Y3wFhcv8RlCLz','127.0.0.1','2026-03-28',1,'14:09:30','2026-03-28 07:09:30','2026-03-28 07:09:30'),(1066,1,'PhDJkhRIv2d3jJANATWCcZsT005Y3wFhcv8RlCLz','127.0.0.1','2026-03-28',1,'14:10:00','2026-03-28 07:10:00','2026-03-28 07:10:00'),(1067,1,'PhDJkhRIv2d3jJANATWCcZsT005Y3wFhcv8RlCLz','127.0.0.1','2026-03-28',1,'14:10:06','2026-03-28 07:10:06','2026-03-28 07:10:06'),(1068,1,'PhDJkhRIv2d3jJANATWCcZsT005Y3wFhcv8RlCLz','127.0.0.1','2026-03-28',1,'14:10:06','2026-03-28 07:10:06','2026-03-28 07:10:06'),(1069,1,'PhDJkhRIv2d3jJANATWCcZsT005Y3wFhcv8RlCLz','127.0.0.1','2026-03-28',1,'14:10:15','2026-03-28 07:10:15','2026-03-28 07:10:15'),(1070,1,'PhDJkhRIv2d3jJANATWCcZsT005Y3wFhcv8RlCLz','127.0.0.1','2026-03-28',1,'14:17:13','2026-03-28 07:17:13','2026-03-28 07:17:13'),(1071,1,'PhDJkhRIv2d3jJANATWCcZsT005Y3wFhcv8RlCLz','127.0.0.1','2026-03-28',1,'14:17:14','2026-03-28 07:17:14','2026-03-28 07:17:14'),(1072,NULL,'PQc7izCbAdYd0d0jAhSvXXseEnxhsaO5DEq6KVJh','127.0.0.1','2026-03-28',1,'14:44:37','2026-03-28 07:44:37','2026-03-28 07:44:37'),(1073,NULL,'PQc7izCbAdYd0d0jAhSvXXseEnxhsaO5DEq6KVJh','127.0.0.1','2026-03-28',1,'14:45:01','2026-03-28 07:45:01','2026-03-28 07:45:01'),(1074,NULL,'PQc7izCbAdYd0d0jAhSvXXseEnxhsaO5DEq6KVJh','127.0.0.1','2026-03-28',1,'14:45:01','2026-03-28 07:45:01','2026-03-28 07:45:01'),(1075,1,'PhDJkhRIv2d3jJANATWCcZsT005Y3wFhcv8RlCLz','127.0.0.1','2026-03-28',1,'14:45:16','2026-03-28 07:45:16','2026-03-28 07:45:16'),(1076,1,'PhDJkhRIv2d3jJANATWCcZsT005Y3wFhcv8RlCLz','127.0.0.1','2026-03-28',1,'14:45:17','2026-03-28 07:45:17','2026-03-28 07:45:17'),(1077,1,'PhDJkhRIv2d3jJANATWCcZsT005Y3wFhcv8RlCLz','127.0.0.1','2026-03-28',1,'14:45:18','2026-03-28 07:45:18','2026-03-28 07:45:18'),(1078,NULL,'PQc7izCbAdYd0d0jAhSvXXseEnxhsaO5DEq6KVJh','127.0.0.1','2026-03-28',1,'14:52:07','2026-03-28 07:52:07','2026-03-28 07:52:07'),(1079,NULL,'PQc7izCbAdYd0d0jAhSvXXseEnxhsaO5DEq6KVJh','127.0.0.1','2026-03-28',1,'14:55:24','2026-03-28 07:55:24','2026-03-28 07:55:24'),(1080,NULL,'PQc7izCbAdYd0d0jAhSvXXseEnxhsaO5DEq6KVJh','127.0.0.1','2026-03-28',1,'14:55:24','2026-03-28 07:55:24','2026-03-28 07:55:24'),(1081,1,'PhDJkhRIv2d3jJANATWCcZsT005Y3wFhcv8RlCLz','127.0.0.1','2026-03-28',1,'14:55:33','2026-03-28 07:55:33','2026-03-28 07:55:33'),(1082,1,'PhDJkhRIv2d3jJANATWCcZsT005Y3wFhcv8RlCLz','127.0.0.1','2026-03-28',1,'14:55:47','2026-03-28 07:55:47','2026-03-28 07:55:47'),(1083,1,'PhDJkhRIv2d3jJANATWCcZsT005Y3wFhcv8RlCLz','127.0.0.1','2026-03-28',1,'14:55:53','2026-03-28 07:55:53','2026-03-28 07:55:53'),(1084,1,'PhDJkhRIv2d3jJANATWCcZsT005Y3wFhcv8RlCLz','127.0.0.1','2026-03-28',1,'14:55:53','2026-03-28 07:55:53','2026-03-28 07:55:53'),(1085,1,'PhDJkhRIv2d3jJANATWCcZsT005Y3wFhcv8RlCLz','127.0.0.1','2026-03-28',1,'14:56:02','2026-03-28 07:56:02','2026-03-28 07:56:02'),(1086,1,'PhDJkhRIv2d3jJANATWCcZsT005Y3wFhcv8RlCLz','127.0.0.1','2026-03-28',1,'15:26:08','2026-03-28 08:26:08','2026-03-28 08:26:08'),(1087,1,'PhDJkhRIv2d3jJANATWCcZsT005Y3wFhcv8RlCLz','127.0.0.1','2026-03-28',1,'15:26:10','2026-03-28 08:26:10','2026-03-28 08:26:10'),(1088,1,'PhDJkhRIv2d3jJANATWCcZsT005Y3wFhcv8RlCLz','127.0.0.1','2026-03-28',1,'15:26:10','2026-03-28 08:26:10','2026-03-28 08:26:10'),(1089,1,'PhDJkhRIv2d3jJANATWCcZsT005Y3wFhcv8RlCLz','127.0.0.1','2026-03-28',1,'15:26:10','2026-03-28 08:26:10','2026-03-28 08:26:10'),(1090,1,'PhDJkhRIv2d3jJANATWCcZsT005Y3wFhcv8RlCLz','127.0.0.1','2026-03-28',1,'15:26:16','2026-03-28 08:26:16','2026-03-28 08:26:16');
/*!40000 ALTER TABLE `visits` ENABLE KEYS */;
UNLOCK TABLES;

--
-- Table structure for table `wisatas`
--

DROP TABLE IF EXISTS `wisatas`;
/*!40101 SET @saved_cs_client     = @@character_set_client */;
/*!50503 SET character_set_client = utf8mb4 */;
CREATE TABLE `wisatas` (
  `id_wisata` bigint unsigned NOT NULL AUTO_INCREMENT,
  `id_kategori` bigint unsigned NOT NULL,
  `nama` varchar(255) COLLATE utf8mb4_unicode_ci NOT NULL,
  `slug` varchar(255) COLLATE utf8mb4_unicode_ci NOT NULL,
  `deskripsi` text COLLATE utf8mb4_unicode_ci NOT NULL,
  `harga` decimal(12,2) DEFAULT NULL,
  `lokasi` text COLLATE utf8mb4_unicode_ci NOT NULL,
  `gambar` varchar(255) COLLATE utf8mb4_unicode_ci NOT NULL,
  `created_at` timestamp NULL DEFAULT NULL,
  `updated_at` timestamp NULL DEFAULT NULL,
  `latitude` decimal(10,8) DEFAULT NULL,
  `longitude` decimal(11,8) DEFAULT NULL,
  `toilet` tinyint(1) NOT NULL DEFAULT '0',
  `parkir` tinyint(1) NOT NULL DEFAULT '0',
  `tempat_ibadah` tinyint(1) NOT NULL DEFAULT '0',
  PRIMARY KEY (`id_wisata`),
  UNIQUE KEY `wisatas_slug_unique` (`slug`),
  KEY `wisatas_id_kategori_foreign` (`id_kategori`),
  CONSTRAINT `wisatas_id_kategori_foreign` FOREIGN KEY (`id_kategori`) REFERENCES `kategoris` (`id_kategori`) ON DELETE CASCADE
) ENGINE=InnoDB AUTO_INCREMENT=4 DEFAULT CHARSET=utf8mb4 COLLATE=utf8mb4_unicode_ci;
/*!40101 SET character_set_client = @saved_cs_client */;

--
-- Dumping data for table `wisatas`
--

LOCK TABLES `wisatas` WRITE;
/*!40000 ALTER TABLE `wisatas` DISABLE KEYS */;
INSERT INTO `wisatas` VALUES (2,3,'Panorama Baru','panorama-baru','Panorama Baru Bukittinggi (atau Taman Wisata Panorama Baru) adalah destinasi wisata alam yang menawarkan pemandangan tebing Ngarai Sianok yang memanjang, pepohonan hijau rindang, serta latar belakang Gunung Singgalang dan Gunung Marapi. Terletak sekitar 5 kilometer dari pusat Kota Bukittinggi (area Jam Gadang), tempat ini menjadi alternatif yang lebih tenang dan asri dibandingkan area Panorama Lubang Jepang yang lebih populer di pusat kota.',5000.00,'Taman Panorama Baru, Bukittinggi','wisata-images/01KMFWZYVP87ZRFS3FWDQNQFT0.jpeg','2026-03-24 12:26:57','2026-03-24 12:27:35',-0.30907000,100.37055000,1,1,0),(3,2,'Jam Gadang','jam-gadang','Jam Gadang adalah menara jam ikonik setinggi 26 meter yang menjadi simbol utama Kota Bukittinggi, Sumatera Barat. Nama \"Jam Gadang\" berasal dari bahasa Minangkabau yang berarti \"jam besar\" karena memiliki empat jam berdiameter 80 cm di setiap sisinya. ',NULL,'Jam Gadang, Bukittinggi','wisata-images/01KMFXFXJZET77H793ASC7H20W.jpeg','2026-03-24 12:35:40','2026-03-24 12:35:40',-0.30907000,100.37055000,1,1,1);
/*!40000 ALTER TABLE `wisatas` ENABLE KEYS */;
UNLOCK TABLES;
SET @@SESSION.SQL_LOG_BIN = @MYSQLDUMP_TEMP_LOG_BIN;
/*!40103 SET TIME_ZONE=@OLD_TIME_ZONE */;

/*!40101 SET SQL_MODE=@OLD_SQL_MODE */;
/*!40014 SET FOREIGN_KEY_CHECKS=@OLD_FOREIGN_KEY_CHECKS */;
/*!40014 SET UNIQUE_CHECKS=@OLD_UNIQUE_CHECKS */;
/*!40101 SET CHARACTER_SET_CLIENT=@OLD_CHARACTER_SET_CLIENT */;
/*!40101 SET CHARACTER_SET_RESULTS=@OLD_CHARACTER_SET_RESULTS */;
/*!40101 SET COLLATION_CONNECTION=@OLD_COLLATION_CONNECTION */;
/*!40111 SET SQL_NOTES=@OLD_SQL_NOTES */;

-- Dump completed on 2026-03-28 15:32:53
